preparation,uuid,template_title,template_type,template_number,parent_wtno_i,wtno_i,mutation,mutator,status,mutation_time,created_by,created_date
 , ,CAAV-F586-SECTION5-B1-2,J,2, ,370'303,19'823,VJC2741,0,14971979,VJC2741,19'823
 , ,CAAV-F586-SECTION5-B1-3.1,J,3.1, ,370'304,19'823,VJC2741,0,14972010,VJC2741,19'823
 , ,CAAV-F586-SECTION5-B1-3.2,J,3.2, ,370'305,19'823,VJC2741,0,14972038,VJC2741,19'823
 , ,CAAV-F586-SECTION5-B1-3.3,J,3.3, ,370'306,19'823,VJC2741,0,14972070,VJC2741,19'823
 , ,CAAV-F586-SECTION5-B1-3.4,J,3.4, ,370'307,19'823,VJC2741,0,14972099,VJC2741,19'823
 , ,CAAV-F586-SECTION5-B1-3.5,J,3.5, ,370'308,19'823,VJC2741,0,14972127,VJC2741,19'823
 , ,CAAV-F586-SECTION5-B1-3.6,J,3.6, ,370'309,19'823,VJC2741,0,14972162,VJC2741,19'823
 , ,CAAV-F586-SECTION5-B1-4,J,4, ,370'310,19'823,VJC2741,0,14972190,VJC2741,19'823
 , ,CAAV-F586-SECTION5-B1-5.1,J,5.1, ,370'311,19'823,VJC2741,0,14972219,VJC2741,19'823
 , ,CAAV-F586-SECTION5-B1-5.2,J,5.2, ,370'312,19'823,VJC2741,0,14972247,VJC2741,19'823
 , ,CAAV-F586-SECTION5-B1-6.1,J,6.1, ,370'313,19'823,VJC2741,0,14972275,VJC2741,19'823
 , ,CAAV-F586-SECTION5-B1-6.2,J,6.2, ,370'314,19'823,VJC2741,0,14972303,VJC2741,19'823
 , ,CAAV-F586-SECTION5-B1-7.1,J,7.1, ,370'315,19'823,VJC2741,0,14972330,VJC2741,19'823
 , ,CAAV-F586-SECTION5-B1-7.2,J,7.2, ,370'316,19'823,VJC2741,0,14972358,VJC2741,19'823
 , ,CAAV-F586-SECTION5-B1-7.3,J,7.3, ,370'317,19'823,VJC2741,0,14972385,VJC2741,19'823
 , ,CAAV-F586-SECTION5-B1-7.4,J,7.4, ,370'318,19'823,VJC2741,0,14972412,VJC2741,19'823
 , ,CAAV-F586-SECTION5-B1-8.1,J,8.1, ,370'319,19'823,VJC2741,0,14972440,VJC2741,19'823
 , ,CAAV-F586-SECTION5-B1-8.2,J,8.2, ,370'320,19'823,VJC2741,0,14972470,VJC2741,19'823
 , ,CAAV-F586-SECTION5-B1-8.3,J,8.3, ,370'321,19'823,VJC2741,0,14972501,VJC2741,19'823
 , ,CAAV-F586-SECTION5-B1-8.4,J,8.4, ,370'322,19'823,VJC2741,0,14972530,VJC2741,19'823
 , ,CAAV-F586-SECTION5-B1-8.5,J,8.5, ,370'323,19'823,VJC2741,0,14972558,VJC2741,19'823
 , ,CAAV-F586-SECTION5-B1-9.1,J,9.1, ,370'324,19'823,VJC2741,0,14972586,VJC2741,19'823
 , ,CAAV-F586-SECTION5-B1-9.2,J,9.2, ,370'325,19'823,VJC2741,0,14972614,VJC2741,19'823
 , ,CAAV-F586-SECTION5-B1-10,J,10, ,370'326,19'823,VJC2741,0,14972642,VJC2741,19'823
 , ,CAAV-F586-SECTION5-B1-11,J,11, ,370'327,19'823,VJC2741,0,14972669,VJC2741,19'823
 , ,CAAV-F586-SECTION5-B1-12.1,J,12.1, ,370'328,19'823,VJC2741,0,14972697,VJC2741,19'823
 , ,CAAV-F586-SECTION5-B1-12.2,J,12.2, ,370'329,19'823,VJC2741,0,14972725,VJC2741,19'823
 , ,CAAV-F586-SECTION5-B1-13,J,13, ,370'330,19'823,VJC2741,0,14972753,VJC2741,19'823
 , ,CAAV-F586-SECTION5-B1-14,J,14, ,370'331,19'823,VJC2741,0,14972781,VJC2741,19'823
 , ,CAAV-F586-SECTION5-B1-15,J,15, ,370'332,19'823,VJC2741,0,14972810,VJC2741,19'823
 , ,CAAV-F586-SECTION5-B1-16,J,16, ,370'333,19'823,VJC2741,0,14972837,VJC2741,19'823
 , ,CAAV-F586-SECTION5-B1-17.1,J,17.1, ,370'334,19'823,VJC2741,0,14972864,VJC2741,19'823
 , ,CAAV-F586-SECTION5-B1-17.2,J,17.2, ,370'335,19'823,VJC2741,0,14972892,VJC2741,19'823
 , ,CAAV-F586-SECTION5-B1-18,J,18, ,370'336,19'823,VJC2741,0,14972921,VJC2741,19'823
 , ,CAAV-F586-SECTION5-B1-19,J,19, ,370'337,19'823,VJC2741,0,14972948,VJC2741,19'823
 , ,CAAV-F586-SECTION5-B1-20,J,20, ,370'338,19'823,VJC2741,0,14972978,VJC2741,19'823
 , ,CAAV-F586-SECTION5-B1-21,J,21, ,370'339,19'823,VJC2741,0,14973006,VJC2741,19'823
 , ,CAAV-F586-SECTION5-B1-22,J,22, ,370'340,19'823,VJC2741,0,14973034,VJC2741,19'823
 , ,CAAV-F586-SECTION5-B1-23,J,23, ,370'341,19'823,VJC2741,0,14973062,VJC2741,19'823
 , ,CAAV-F586-SECTION5-B1-24,J,24, ,370'342,19'823,VJC2741,0,14973089,VJC2741,19'823
 , ,CAAV-F586-SECTION5-B1-25,J,25, ,370'343,19'823,VJC2741,0,14973121,VJC2741,19'823
 , ,CAAV-F586-SECTION5-B1-26,J,26, ,370'344,19'823,VJC2741,0,14973148,VJC2741,19'823
 , ,CAAV-F586-SECTION5-B1-27,J,27, ,370'345,19'823,VJC2741,0,14973176,VJC2741,19'823
 , ,CAAV-F586-SECTION5-B1-28,J,28, ,370'346,19'823,VJC2741,0,14973204,VJC2741,19'823
 , ,CAAV-F586-SECTION5-B1-29,J,29, ,370'347,19'823,VJC2741,0,14973232,VJC2741,19'823
 , ,CAAV-F586-SECTION5-B1-30,J,30, ,370'348,19'823,VJC2741,0,14973259,VJC2741,19'823
 , ,CAAV-F586-SECTION5-B1-31,J,31, ,370'349,19'823,VJC2741,0,14973287,VJC2741,19'823
 , ,CAAV-F586-SECTION5-B1-32.1,J,32.1, ,370'350,19'823,VJC2741,0,14973314,VJC2741,19'823
 , ,CAAV-F586-SECTION5-B1-32.2,J,32.2, ,370'351,19'823,VJC2741,0,14973342,VJC2741,19'823
 , ,CAAV-F586-SECTION5-B1-33,J,33, ,370'352,19'823,VJC2741,0,14973370,VJC2741,19'823
 , ,CAAV-F586-SECTION5-B1-34.1,J,34.1, ,370'353,19'823,VJC2741,0,14973398,VJC2741,19'823
 , ,CAAV-F586-SECTION5-B1-34.2,J,34.2, ,370'354,19'823,VJC2741,0,14973426,VJC2741,19'823
 , ,CAAV-F586-SECTION5-B1-34.3,J,34.3, ,370'355,19'823,VJC2741,0,14973454,VJC2741,19'823
 , ,CAAV-F586-SECTION5-B1-34.4,J,34.4, ,370'356,19'823,VJC2741,0,14973481,VJC2741,19'823
 , ,CAAV-F586-SECTION5-B1-34.5,J,34.5, ,370'357,19'823,VJC2741,0,14973509,VJC2741,19'823
 , ,CAAV-F586-SECTION5-B1-35.1,J,35.1, ,370'358,19'823,VJC2741,0,14973536,VJC2741,19'823
 , ,CAAV-F586-SECTION5-B1-35.2,J,35.2, ,370'359,19'823,VJC2741,0,14973563,VJC2741,19'823
 , ,CAAV-F586-SECTION5-B1-35.3,J,35.3, ,370'360,19'823,VJC2741,0,14973591,VJC2741,19'823
 , ,CAAV-F586-SECTION5-B1-35.4,J,35.4, ,370'361,19'823,VJC2741,0,14973619,VJC2741,19'823
 , ,CAAV-F586-SECTION5-B1-36,J,36, ,370'362,19'823,VJC2741,0,14973646,VJC2741,19'823
 , ,CAAV-F586-SECTION5-B1-37.1,J,37.1, ,370'363,19'823,VJC2741,0,14973674,VJC2741,19'823
 , ,CAAV-F586-SECTION5-B1-37.2,J,37.2, ,370'364,19'823,VJC2741,0,14973702,VJC2741,19'823
 , ,CAAV-F586-SECTION5-B1-37.3,J,37.3, ,370'365,19'823,VJC2741,0,14973730,VJC2741,19'823
 , ,CAAV-F586-SECTION5-B1-37.4,J,37.4, ,370'366,19'823,VJC2741,0,14973758,VJC2741,19'823
 , ,CAAV-F586-SECTION5-B1-38,J,38, ,370'367,19'823,VJC2741,0,14973786,VJC2741,19'823
 , ,CAAV-F586-SECTION5-B1-39.1,J,39.1, ,370'368,19'823,VJC2741,0,14973814,VJC2741,19'823
 , ,CAAV-F586-SECTION5-B1-39.2,J,39.2, ,370'369,19'823,VJC2741,0,14973841,VJC2741,19'823
 , ,CAAV-F586-SECTION5-B1-39.3,J,39.3, ,370'370,19'823,VJC2741,0,14973869,VJC2741,19'823
 , ,CAAV-F586-SECTION5-B1-39.4,J,39.4, ,370'371,19'823,VJC2741,0,14973897,VJC2741,19'823
 , ,CAAV-F586-SECTION5-B1-40,J,40, ,370'372,19'823,VJC2741,0,14973925,VJC2741,19'823
 , ,CAAV-F586-SECTION5-B1-41,J,41, ,370'373,19'823,VJC2741,0,14973952,VJC2741,19'823
 , ,CAAV-F586-SECTION5-B1-42.1,J,42.1, ,370'374,19'823,VJC2741,0,14973980,VJC2741,19'823
 , ,CAAV-F586-SECTION5-B1-42.2,J,42.2, ,370'375,19'823,VJC2741,0,14974008,VJC2741,19'823
 , ,CAAV-F586-SECTION5-B1-42.3,J,42.3, ,370'376,19'823,VJC2741,0,14974036,VJC2741,19'823
 , ,CAAV-F586-SECTION5-B1-43.1,J,43.1, ,370'377,19'823,VJC2741,0,14974064,VJC2741,19'823
 , ,CAAV-F586-SECTION5-B1-43.2,J,43.2, ,370'378,19'823,VJC2741,0,14974091,VJC2741,19'823
 , ,CAAV-F586-SECTION5-B1-44.1,J,44.1, ,370'379,19'823,VJC2741,0,14974118,VJC2741,19'823
 , ,CAAV-F586-SECTION5-B1-44.2,J,44.2, ,370'380,19'823,VJC2741,0,14974146,VJC2741,19'823
 , ,CAAV-F586-SECTION5-B1-44.3,J,44.3, ,370'381,19'823,VJC2741,0,14974174,VJC2741,19'823
 , ,CAAV-F586-SECTION5-B1-45.1,J,45.1, ,370'382,19'823,VJC2741,0,14974201,VJC2741,19'823
 , ,CAAV-F586-SECTION5-B1-45.2,J,45.2, ,370'383,19'823,VJC2741,0,14974229,VJC2741,19'823
 , ,CAAV-F586-SECTION5-B1-45.3,J,45.3, ,370'384,19'823,VJC2741,0,14974256,VJC2741,19'823
 , ,CAAV-F586-SECTION5-B1-46.1,J,46.1, ,370'385,19'823,VJC2741,0,14974284,VJC2741,19'823
 , ,CAAV-F586-SECTION5-B1-46.2,J,46.2, ,370'386,19'823,VJC2741,0,14974311,VJC2741,19'823
 , ,CAAV-F586-SECTION5-B1-46.3,J,46.3, ,370'387,19'823,VJC2741,0,14974339,VJC2741,19'823
 , ,CAAV-F586-SECTION5-B1-46.4,J,46.4, ,370'388,19'823,VJC2741,0,14974368,VJC2741,19'823
 , ,CAAV-F586-SECTION5-B1-47.1,J,47.1, ,370'389,19'823,VJC2741,0,14974395,VJC2741,19'823
 , ,CAAV-F586-SECTION5-B1-47.2,J,47.2, ,370'390,19'823,VJC2741,0,14974423,VJC2741,19'823
 , ,CAAV-F586-SECTION5-B1-47.3,J,47.3, ,370'391,19'823,VJC2741,0,14974451,VJC2741,19'823
 , ,CAAV-F586-SECTION5-B1-47.4,J,47.4, ,370'392,19'823,VJC2741,0,14974478,VJC2741,19'823
 , ,CAAV-F586-SECTION5-B1-47.5,J,47.5, ,370'393,19'823,VJC2741,0,14974506,VJC2741,19'823
 , ,CAAV-F586-SECTION5-B1-47.6,J,47.6, ,370'394,19'823,VJC2741,0,14974534,VJC2741,19'823
 , ,CAAV-F586-SECTION5-B1-48,J,48, ,370'395,19'823,VJC2741,0,14974561,VJC2741,19'823
 , ,CAAV-F586-SECTION5-B1-49,J,49, ,370'396,19'823,VJC2741,0,14974588,VJC2741,19'823
 , ,CAAV-F586-SECTION5-B1-50.1,J,50.1, ,370'397,19'823,VJC2741,0,14974615,VJC2741,19'823
 , ,CAAV-F586-SECTION5-B1-50.2,J,50.2, ,370'398,19'823,VJC2741,0,14974643,VJC2741,19'823
 , ,CAAV-F586-SECTION5-B1-51,J,51, ,370'399,19'823,VJC2741,0,14974671,VJC2741,19'823
 , ,CAAV-F586-SECTION5-B1-52,J,52, ,370'400,19'823,VJC2741,0,14974699,VJC2741,19'823
 , ,CAAV-F586-SECTION5-B1-53,J,53, ,370'401,19'823,VJC2741,0,14974726,VJC2741,19'823
 , ,CAAV-F586-SECTION5-B1-54,J,54, ,370'402,19'823,VJC2741,0,14974759,VJC2741,19'823
 , ,CAAV-F586-SECTION5-B1-55,J,55, ,370'403,19'823,VJC2741,0,14974786,VJC2741,19'823
 , ,CAAV-F586-SECTION5-B1-56.1,J,56.1, ,370'404,19'823,VJC2741,0,14974814,VJC2741,19'823
 , ,CAAV-F586-SECTION5-B1-56.2,J,56.2, ,370'405,19'823,VJC2741,0,14974842,VJC2741,19'823
 , ,CAAV-F586-SECTION5-B1-56.3,J,56.3, ,370'406,19'823,VJC2741,0,14974869,VJC2741,19'823
 , ,CAAV-F586-SECTION5-B1-57.1,J,57.1, ,370'407,19'823,VJC2741,0,14974900,VJC2741,19'823
 , ,CAAV-F586-SECTION5-B1-57.2,J,57.2, ,370'408,19'823,VJC2741,0,14974928,VJC2741,19'823
 , ,CAAV-F586-SECTION5-B1-57.3,J,57.3, ,370'409,19'823,VJC2741,0,14974956,VJC2741,19'823
 , ,CAAV-F586-SECTION5-B1-57.4,J,57.4, ,370'410,19'823,VJC2741,0,14974984,VJC2741,19'823
 , ,CAAV-F586-SECTION5-B1-58.1,J,58.1, ,370'411,19'823,VJC2741,0,14975012,VJC2741,19'823
 , ,CAAV-F586-SECTION5-B1-58.2,J,58.2, ,370'412,19'823,VJC2741,0,14975040,VJC2741,19'823
 , ,CAAV-F586-SECTION5-B1-58.3,J,58.3, ,370'413,19'823,VJC2741,0,14975068,VJC2741,19'823
 , ,CAAV-F586-SECTION5-B1-59,J,59, ,370'414,19'823,VJC2741,0,14975095,VJC2741,19'823
 , ,CAAV-F586-SECTION5-B1-60.1,J,60.1, ,370'415,19'823,VJC2741,0,14975123,VJC2741,19'823
 , ,CAAV-F586-SECTION5-B1-60.2,J,60.2, ,370'416,19'823,VJC2741,0,14975150,VJC2741,19'823
 , ,CAAV-F586-SECTION5-B1-60.3,J,60.3, ,370'417,19'823,VJC2741,0,14975179,VJC2741,19'823
 , ,CAAV-F586-SECTION5-B1-61.1,J,61.1, ,370'418,19'823,VJC2741,0,14975206,VJC2741,19'823
 , ,CAAV-F586-SECTION5-B1-61.2,J,61.2, ,370'419,19'823,VJC2741,0,14975235,VJC2741,19'823
 , ,CAAV-F586-SECTION5-B1-61.3,J,61.3, ,370'420,19'823,VJC2741,0,14975263,VJC2741,19'823
 , ,CAAV-F586-SECTION5-B1-61.4,J,61.4, ,370'421,19'823,VJC2741,0,14975292,VJC2741,19'823
 , ,CAAV-F586-SECTION5-B1-61.5,J,61.5, ,370'422,19'823,VJC2741,0,14975320,VJC2741,19'823
 , ,CAAV-F586-SECTION5-B1-62,J,62, ,370'423,19'823,VJC2741,0,14975347,VJC2741,19'823
 , ,CAAV-F586-SECTION5-B1-63.1,J,63.1, ,370'424,19'823,VJC2741,0,14975375,VJC2741,19'823
 , ,CAAV-F586-SECTION5-B1-63.2,J,63.2, ,370'425,19'823,VJC2741,0,14975403,VJC2741,19'823
 , ,CAAV-F586-SECTION5-B1-64.1,J,64.1, ,370'426,19'823,VJC2741,0,14975431,VJC2741,19'823
 , ,CAAV-F586-SECTION5-B1-64.2,J,64.2, ,370'427,19'823,VJC2741,0,14975458,VJC2741,19'823
 , ,CAAV-F586-SECTION5-B1-65,J,65, ,370'428,19'823,VJC2741,0,14975485,VJC2741,19'823
 , ,CAAV-F586-SECTION5-B1-66.1,J,66.1, ,370'429,19'823,VJC2741,0,14975514,VJC2741,19'823
 , ,CAAV-F586-SECTION5-B1-66.2,J,66.2, ,370'430,19'823,VJC2741,0,14975542,VJC2741,19'823
 , ,CAAV-F586-SECTION5-B1-66.3,J,66.3, ,370'431,19'823,VJC2741,0,14975569,VJC2741,19'823
 , ,CAAV-F586-SECTION5-B1-66.4,J,66.4, ,370'432,19'823,VJC2741,0,14975597,VJC2741,19'823
 , ,CAAV-F586-SECTION5-B1-66.5,J,66.5, ,370'433,19'823,VJC2741,0,14975625,VJC2741,19'823
 , ,CAAV-F586-SECTION5-B1-66.6,J,66.6, ,370'434,19'823,VJC2741,0,14975653,VJC2741,19'823
 , ,CAAV-F586-SECTION5-B1-67.1,J,67.1, ,370'435,19'823,VJC2741,0,14975681,VJC2741,19'823
 , ,CAAV-F586-SECTION5-B1-67.2,J,67.2, ,370'436,19'823,VJC2741,0,14975708,VJC2741,19'823
 , ,CAAV-F586-SECTION5-B1-68,J,68, ,370'437,19'823,VJC2741,0,14975736,VJC2741,19'823
 , ,CAAV-F586-SECTION5-B1-69,J,69, ,370'438,19'823,VJC2741,0,14975763,VJC2741,19'823
 , ,CAAV-F586-SECTION5-B1-70,J,70, ,370'439,19'823,VJC2741,0,14975791,VJC2741,19'823
 , ,CAAV-F586-SECTION5-B1-71,J,71, ,370'440,19'823,VJC2741,0,14975820,VJC2741,19'823
 , ,CAAV-F586-SECTION5-B1-72.1,J,72.1, ,370'441,19'823,VJC2741,0,14975848,VJC2741,19'823
 , ,CAAV-F586-SECTION5-B1-72.2,J,72.2, ,370'442,19'823,VJC2741,0,14975876,VJC2741,19'823
 , ,CAAV-F586-SECTION5-B1-73.1,J,73.1, ,370'443,19'823,VJC2741,0,14975903,VJC2741,19'823
 , ,CAAV-F586-SECTION5-B1-73.2,J,73.2, ,370'444,19'823,VJC2741,0,14975934,VJC2741,19'823
 , ,CAAV-F586-SECTION5-B1-74.1,J,74.1, ,370'445,19'823,VJC2741,0,14975962,VJC2741,19'823
 , ,CAAV-F586-SECTION5-B1-74.2,J,74.2, ,370'446,19'823,VJC2741,0,14975989,VJC2741,19'823
 , ,CAAV-F586-SECTION5-B1-74.3,J,74.3, ,370'447,19'823,VJC2741,0,14976017,VJC2741,19'823
 , ,CAAV-F586-SECTION5-B1-74.4,J,74.4, ,370'448,19'823,VJC2741,0,14976045,VJC2741,19'823
 , ,CAAV-F586-SECTION5-B1-74.5,J,74.5, ,370'449,19'823,VJC2741,0,14976073,VJC2741,19'823
 , ,CAAV-F586-SECTION5-B1-75,J,75, ,370'450,19'823,VJC2741,0,14976100,VJC2741,19'823
 , ,CAAV-F586-SECTION5-B1-76.1,J,76.1, ,370'451,19'823,VJC2741,0,14976127,VJC2741,19'823
 , ,CAAV-F586-SECTION5-B1-76.2,J,76.2, ,370'452,19'823,VJC2741,0,14976155,VJC2741,19'823
 , ,CAAV-F586-SECTION5-B1-76.3,J,76.3, ,370'453,19'823,VJC2741,0,14976183,VJC2741,19'823
 , ,CAAV-F586-SECTION5-B1-77.1,J,77.1, ,370'454,19'823,VJC2741,0,14976211,VJC2741,19'823
 , ,CAAV-F586-SECTION5-B1-77.2,J,77.2, ,370'455,19'823,VJC2741,0,14976238,VJC2741,19'823
 , ,CAAV-F586-SECTION5-B1-78.1,J,78.1, ,370'456,19'823,VJC2741,0,14976265,VJC2741,19'823
 , ,CAAV-F586-SECTION5-B1-78.2,J,78.2, ,370'457,19'823,VJC2741,0,14976293,VJC2741,19'823
 , ,CAAV-F586-SECTION5-B1-78.3,J,78.3, ,370'458,19'823,VJC2741,0,14976320,VJC2741,19'823
 , ,CAAV-F586-SECTION5-B1-78.4,J,78.4, ,370'459,19'823,VJC2741,0,14976347,VJC2741,19'823
 , ,CAAV-F586-SECTION5-B1-79.1,J,79.1, ,370'460,19'823,VJC2741,0,14976374,VJC2741,19'823
 , ,CAAV-F586-SECTION5-B1-79.2,J,79.2, ,370'461,19'823,VJC2741,0,14976402,VJC2741,19'823
 , ,CAAV-F586-SECTION5-B1-79.3,J,79.3, ,370'462,19'823,VJC2741,0,14976429,VJC2741,19'823
 , ,CAAV-F586-SECTION5-B1-80,J,80, ,370'463,19'823,VJC2741,0,14976457,VJC2741,19'823
 , ,CAAV-F586-SECTION5-B1-81,J,81, ,370'464,19'823,VJC2741,0,14976485,VJC2741,19'823
 , ,CAAV-F586-SECTION5-B1-82.1,J,82.1, ,370'465,19'823,VJC2741,0,14976514,VJC2741,19'823
 , ,CAAV-F586-SECTION5-B1-82.2,J,82.2, ,370'466,19'823,VJC2741,0,14976541,VJC2741,19'823
 , ,CAAV-F586-SECTION5-B1-82.3,J,82.3, ,370'467,19'823,VJC2741,0,14976568,VJC2741,19'823
 , ,CAAV-F586-SECTION5-B1-83,J,83, ,370'468,19'823,VJC2741,0,14976595,VJC2741,19'823
 , ,CAAV-F586-SECTION5-B1-84,J,84, ,370'469,19'823,VJC2741,0,14976623,VJC2741,19'823
 , ,CAAV-F586-SECTION5-B1-85.1,J,85.1, ,370'470,19'823,VJC2741,0,14976650,VJC2741,19'823
 , ,CAAV-F586-SECTION5-B1-85.2,J,85.2, ,370'471,19'823,VJC2741,0,14976677,VJC2741,19'823
 , ,CAAV-F586-SECTION5-B1-86,J,86, ,370'472,19'823,VJC2741,0,14976704,VJC2741,19'823
 , ,CAAV-F586-SECTION5-B1-87,J,87, ,370'473,19'823,VJC2741,0,14976732,VJC2741,19'823
 , ,CAAV-F586-SECTION5-B1-88,J,88, ,370'474,19'823,VJC2741,0,14976759,VJC2741,19'823
 , ,CAAV-F586-SECTION5-B1-89,J,89, ,370'475,19'823,VJC2741,0,14976787,VJC2741,19'823
 , ,CAAV-F586-SECTION5-B1-90,J,90, ,370'476,19'823,VJC2741,0,14976814,VJC2741,19'823
 , ,CAAV-F586-SECTION5-B1-91,J,91, ,370'477,19'823,VJC2741,0,14976841,VJC2741,19'823
 , ,CAAV-F586-SECTION5-B1-92,J,92, ,370'478,19'823,VJC2741,0,14976868,VJC2741,19'823
 , ,CAAV-F586-SECTION5-B1-93,J,93, ,370'479,19'823,VJC2741,0,14976895,VJC2741,19'823
 , ,CAAV-F586-SECTION5-B1-94,J,94, ,370'480,19'823,VJC2741,0,14976923,VJC2741,19'823
 , ,CAAV-F586-SECTION5-B1-95.1,J,95.1, ,370'481,19'823,VJC2741,0,14976950,VJC2741,19'823
 , ,CAAV-F586-SECTION5-B1-95.2,J,95.2, ,370'482,19'823,VJC2741,0,14976978,VJC2741,19'823
 , ,CAAV-F586-SECTION5-B1-95.3,J,95.3, ,370'483,19'823,VJC2741,0,14977006,VJC2741,19'823
 , ,CAAV-F586-SECTION5-B1-96.1,J,96.1, ,370'484,19'823,VJC2741,0,14977033,VJC2741,19'823
 , ,CAAV-F586-SECTION5-B1-96.2,J,96.2, ,370'485,19'823,VJC2741,0,14977061,VJC2741,19'823
 , ,CAAV-F586-SECTION5-B1-97,J,97, ,370'486,19'823,VJC2741,0,14977091,VJC2741,19'823
 , ,CAAV-F586-SECTION5-B1-98.1,J,98.1, ,370'487,19'823,VJC2741,0,14977118,VJC2741,19'823
 , ,CAAV-F586-SECTION5-B1-98.2,J,98.2, ,370'488,19'823,VJC2741,0,14977145,VJC2741,19'823
 , ,CAAV-F586-SECTION5-B1-98.3,J,98.3, ,370'489,19'823,VJC2741,0,14977173,VJC2741,19'823
 , ,CAAV-F586-SECTION5-B1-99,J,99, ,370'490,19'823,VJC2741,0,14977200,VJC2741,19'823
 , ,CAAV-F586-SECTION5-B1-100,J,100, ,370'491,19'823,VJC2741,0,14977227,VJC2741,19'823
 , ,CAAV-F586-SECTION5-B1-101,J,101, ,370'492,19'823,VJC2741,0,14977255,VJC2741,19'823
 , ,CAAV-F586-SECTION5-B1-102,J,102, ,370'493,19'823,VJC2741,0,14977282,VJC2741,19'823
 , ,CAAV-F586-SECTION5-B1-103,J,103, ,370'494,19'823,VJC2741,0,14977309,VJC2741,19'823
 , ,CAAV-F586-SECTION5-B1-104,J,104, ,370'495,19'823,VJC2741,0,14977336,VJC2741,19'823
 , ,CAAV-F586-SECTION5-B1-105,J,105, ,370'496,19'823,VJC2741,0,14977363,VJC2741,19'823
 , ,CAAV-F586-SECTION5-B1-106,J,106, ,370'497,19'823,VJC2741,0,14977391,VJC2741,19'823
 , ,CAAV-F586-SECTION5-B1-107.1,J,107.1, ,370'498,19'823,VJC2741,0,14977418,VJC2741,19'823
 , ,CAAV-F586-SECTION5-B1-107.2,J,107.2, ,370'499,19'823,VJC2741,0,14977445,VJC2741,19'823
 , ,CAAV-F586-SECTION5-B1-108,J,108, ,370'500,19'823,VJC2741,0,14977473,VJC2741,19'823
 , ,CAAV-F586-SECTION5-B1-109.1,J,109.1, ,370'501,19'823,VJC2741,0,14977500,VJC2741,19'823
 , ,CAAV-F586-SECTION5-B1-109.2,J,109.2, ,370'502,19'823,VJC2741,0,14977531,VJC2741,19'823
 , ,CAAV-F586-SECTION5-B1-109.3,J,109.3, ,370'503,19'823,VJC2741,0,14977559,VJC2741,19'823
 , ,CAAV-F586-SECTION5-B1-109.4,J,109.4, ,370'504,19'823,VJC2741,0,14977586,VJC2741,19'823
 , ,CAAV-F586-SECTION5-B1-110,J,110, ,370'505,19'823,VJC2741,0,14977613,VJC2741,19'823
 , ,CAAV-F586-SECTION5-B1-111,J,111, ,370'506,19'823,VJC2741,0,14977641,VJC2741,19'823
 , ,CAAV-F586-SECTION5-B1-112.1,J,112.1, ,370'507,19'823,VJC2741,0,14977668,VJC2741,19'823
 , ,CAAV-F586-SECTION5-B1-112.2,J,112.2, ,370'508,19'823,VJC2741,0,14977695,VJC2741,19'823
 , ,CAAV-F586-SECTION5-B1-113,J,113, ,370'509,19'823,VJC2741,0,14977722,VJC2741,19'823
 , ,CAAV-F586-SECTION5-B1-114.1,J,114.1, ,370'510,19'823,VJC2741,0,14977749,VJC2741,19'823
 , ,CAAV-F586-SECTION5-B1-114.2,J,114.2, ,370'511,19'823,VJC2741,0,14977776,VJC2741,19'823
 , ,CAAV-F586-SECTION5-B1-114.3,J,114.3, ,370'512,19'823,VJC2741,0,14977805,VJC2741,19'823
 , ,CAAV-F586-SECTION5-B1-114.4,J,114.4, ,370'513,19'823,VJC2741,0,14977833,VJC2741,19'823
 , ,CAAV-F586-SECTION5-B1-114.5,J,114.5, ,370'514,19'823,VJC2741,0,14977860,VJC2741,19'823
 , ,CAAV-F586-SECTION5-B1-115,J,115, ,370'515,19'823,VJC2741,0,14977887,VJC2741,19'823
 , ,CAAV-F586-SECTION5-B1-116,J,116, ,370'516,19'823,VJC2741,0,14977917,VJC2741,19'823
 , ,CAAV-F586-SECTION5-B1-117,J,117, ,370'517,19'823,VJC2741,0,14977945,VJC2741,19'823
 , ,CAAV-F586-SECTION5-B1-118.1,J,118.1, ,370'518,19'823,VJC2741,0,14977971,VJC2741,19'823
 , ,CAAV-F586-SECTION5-B1-118.2,J,118.2, ,370'519,19'823,VJC2741,0,14977998,VJC2741,19'823
 , ,CAAV-F586-SECTION5-B1-119.1,J,119.1, ,370'520,19'823,VJC2741,0,14978028,VJC2741,19'823
 , ,CAAV-F586-SECTION5-B1-119.2,J,119.2, ,370'521,19'823,VJC2741,0,14978056,VJC2741,19'823
 , ,CAAV-F586-SECTION5-B1-120.1,J,120.1, ,370'522,19'823,VJC2741,0,14978084,VJC2741,19'823
 , ,CAAV-F586-SECTION5-B1-120.2,J,120.2, ,370'523,19'823,VJC2741,0,14978112,VJC2741,19'823
 , ,CAAV-F586-SECTION5-B1-120.3,J,120.3, ,370'524,19'823,VJC2741,0,14978140,VJC2741,19'823
 , ,CAAV-F586-SECTION5-B1-121.1,J,121.1, ,370'525,19'823,VJC2741,0,14978168,VJC2741,19'823
 , ,CAAV-F586-SECTION5-B1-121.2,J,121.2, ,370'526,19'823,VJC2741,0,14978195,VJC2741,19'823
 , ,CAAV-F586-SECTION5-B1-122,J,122, ,370'527,19'823,VJC2741,0,14978222,VJC2741,19'823
 , ,CAAV-F586-SECTION5-B1-123.1,J,123.1, ,370'528,19'823,VJC2741,0,14978249,VJC2741,19'823
 , ,CAAV-F586-SECTION5-B1-123.2,J,123.2, ,370'529,19'823,VJC2741,0,14978277,VJC2741,19'823
 , ,CAAV-F586-SECTION5-B1-123.3,J,123.3, ,370'530,19'823,VJC2741,0,14978304,VJC2741,19'823
 , ,CAAV-F586-SECTION5-B1-123.4,J,123.4, ,370'531,19'823,VJC2741,0,14978331,VJC2741,19'823
 , ,CAAV-F586-SECTION5-B1-123.5,J,123.5, ,370'532,19'823,VJC2741,0,14978358,VJC2741,19'823
 , ,CAAV-F586-SECTION5-B1-124.1,J,124.1, ,370'533,19'823,VJC2741,0,14978386,VJC2741,19'823
 , ,CAAV-F586-SECTION5-B1-124.2,J,124.2, ,370'534,19'823,VJC2741,0,14978415,VJC2741,19'823
 , ,CAAV-F586-SECTION5-B1-124.3,J,124.3, ,370'535,19'823,VJC2741,0,14978442,VJC2741,19'823
 , ,CAAV-F586-SECTION5-B1-125.1,J,125.1, ,370'536,19'823,VJC2741,0,14978470,VJC2741,19'823
 , ,CAAV-F586-SECTION5-B1-125.2,J,125.2, ,370'537,19'823,VJC2741,0,14978498,VJC2741,19'823
 , ,CAAV-F586-SECTION5-B1-126.1,J,126.1, ,370'538,19'823,VJC2741,0,14978525,VJC2741,19'823
 , ,CAAV-F586-SECTION5-B1-126.2,J,126.2, ,370'539,19'823,VJC2741,0,14978552,VJC2741,19'823
 , ,CAAV-F586-SECTION5-B1-127.1,J,127.1, ,370'540,19'823,VJC2741,0,14978580,VJC2741,19'823
 , ,CAAV-F586-SECTION5-B1-127.2,J,127.2, ,370'541,19'823,VJC2741,0,14978607,VJC2741,19'823
 , ,CAAV-F586-SECTION5-B1-128,J,128, ,370'542,19'823,VJC2741,0,14978634,VJC2741,19'823
 , ,CAAV-F586-SECTION5-B1-129.1,J,129.1, ,370'543,19'823,VJC2741,0,14978662,VJC2741,19'823
 , ,CAAV-F586-SECTION5-B1-129.2,J,129.2, ,370'544,19'823,VJC2741,0,14978689,VJC2741,19'823
 , ,CAAV-F586-SECTION5-B1-129.3,J,129.3, ,370'545,19'823,VJC2741,0,14978716,VJC2741,19'823
 , ,CAAV-F586-SECTION5-B1-129.4,J,129.4, ,370'546,19'823,VJC2741,0,14978744,VJC2741,19'823
 , ,CAAV-F586-SECTION5-B1-130,J,130, ,370'547,19'823,VJC2741,0,14978771,VJC2741,19'823
 , ,CAAV-F586-SECTION5-B1-131,J,131, ,370'548,19'823,VJC2741,0,14978798,VJC2741,19'823
 , ,CAAV-F586-SECTION5-B1-132.1,J,132.1, ,370'549,19'823,VJC2741,0,14978825,VJC2741,19'823
 , ,CAAV-F586-SECTION5-B1-132.2,J,132.2, ,370'550,19'823,VJC2741,0,14978853,VJC2741,19'823
 , ,CAAV-F586-SECTION5-B1-133.1,J,133.1, ,370'551,19'823,VJC2741,0,14978880,VJC2741,19'823
 , ,CAAV-F586-SECTION5-B1-133.2,J,133.2, ,370'552,19'823,VJC2741,0,14978908,VJC2741,19'823
 , ,CAAV-F586-SECTION5-B1-134.1,J,134.1, ,370'553,19'823,VJC2741,0,14978935,VJC2741,19'823
 , ,CAAV-F586-SECTION5-B1-134.2,J,134.2, ,370'554,19'823,VJC2741,0,14978962,VJC2741,19'823
 , ,CAAV-F586-SECTION5-B1-135.1,J,135.1, ,370'555,19'823,VJC2741,0,14978990,VJC2741,19'823
 , ,CAAV-F586-SECTION5-B1-135.2,J,135.2, ,370'556,19'823,VJC2741,0,14979018,VJC2741,19'823
 , ,CAAV-F586-SECTION5-B1-135.3,J,135.3, ,370'557,19'823,VJC2741,0,14979047,VJC2741,19'823
 , ,CAAV-F586-SECTION5-B1-136,J,136, ,370'558,19'823,VJC2741,0,14979075,VJC2741,19'823
 , ,CAAV-F586-SECTION5-B1-137,J,137, ,370'559,19'823,VJC2741,0,14979102,VJC2741,19'823
 , ,CAAV-F586-SECTION5-B1-138,J,138, ,370'560,19'823,VJC2741,0,14979130,VJC2741,19'823
 , ,CAAV-F586-SECTION5-B1-139,J,139, ,370'561,19'823,VJC2741,0,14979157,VJC2741,19'823
 , ,CAAV-F586-SECTION5-B1-140,J,140, ,370'562,19'823,VJC2741,0,14979185,VJC2741,19'823
 , ,CAAV-F586-SECTION5-B1-141.1,J,141.1, ,370'563,19'823,VJC2741,0,14979212,VJC2741,19'823
 , ,CAAV-F586-SECTION5-B1-141.2,J,141.2, ,370'564,19'823,VJC2741,0,14979239,VJC2741,19'823
 , ,CAAV-F586-SECTION5-B1-141.3,J,141.3, ,370'565,19'823,VJC2741,0,14979266,VJC2741,19'823
 , ,CAAV-F586-SECTION5-B1-141.4,J,141.4, ,370'566,19'823,VJC2741,0,14979294,VJC2741,19'823
 , ,CAAV-F586-SECTION5-B1-142,J,142, ,370'567,19'823,VJC2741,0,14979322,VJC2741,19'823
 , ,CAAV-F586-SECTION5-B1-143.1,J,143.1, ,370'568,19'823,VJC2741,0,14979349,VJC2741,19'823
 , ,CAAV-F586-SECTION5-B1-143.2,J,143.2, ,370'569,19'823,VJC2741,0,14979376,VJC2741,19'823
 , ,CAAV-F586-SECTION5-B1-144,J,144, ,370'570,19'823,VJC2741,0,14979403,VJC2741,19'823
 , ,CAAV-F586-SECTION5-B1-145,J,145, ,370'571,19'823,VJC2741,0,14979430,VJC2741,19'823
 , ,CAAV-F586-SECTION5-B1-146,J,146, ,370'572,19'823,VJC2741,0,14979457,VJC2741,19'823
 , ,CAAV-F586-SECTION5-B1-147.1,J,147.1, ,370'573,19'823,VJC2741,0,14979484,VJC2741,19'823
 , ,CAAV-F586-SECTION5-B1-147.2,J,147.2, ,370'574,19'823,VJC2741,0,14979511,VJC2741,19'823
 , ,CAAV-F586-SECTION5-B1-147.3,J,147.3, ,370'575,19'823,VJC2741,0,14979538,VJC2741,19'823
 , ,CAAV-F586-SECTION5-B1-148,J,148, ,370'577,19'823,VJC2741,0,14979592,VJC2741,19'823
 , ,CAAV-F586-SECTION5-B1-149,J,149, ,370'578,19'823,VJC2741,0,14979619,VJC2741,19'823
 , ,CAAV-F586-SECTION5-B1-150,J,150, ,370'579,19'823,VJC2741,0,14979647,VJC2741,19'823
 , ,CAAV-F586-SECTION5-B1-151,J,151, ,370'580,19'823,VJC2741,0,14979674,VJC2741,19'823
 , ,CAAV-F586-SECTION5-B1-152.1,J,152.1, ,370'581,19'823,VJC2741,0,14979701,VJC2741,19'823
 , ,CAAV-F586-SECTION5-B1-152.2,J,152.2, ,370'582,19'823,VJC2741,0,14979728,VJC2741,19'823
 , ,CAAV-F586-SECTION5-B1-153.1,J,153.1, ,370'583,19'823,VJC2741,0,14979758,VJC2741,19'823
 , ,CAAV-F586-SECTION5-B1-153.2,J,153.2, ,370'584,19'823,VJC2741,0,14979785,VJC2741,19'823
 , ,CAAV-F586-SECTION5-B1-153.3,J,153.3, ,370'585,19'823,VJC2741,0,14979812,VJC2741,19'823
 , ,CAAV-F586-SECTION5-B1-153.4,J,153.4, ,370'586,19'823,VJC2741,0,14979840,VJC2741,19'823
 , ,CAAV-F586-SECTION5-B1-153.5,J,153.5, ,370'587,19'823,VJC2741,0,14979867,VJC2741,19'823
 , ,CAAV-F586-SECTION5-B1-154,J,154, ,370'588,19'823,VJC2741,0,14979894,VJC2741,19'823
 , ,CAAV-F586-SECTION5-B1-155.1,J,155.1, ,370'589,19'823,VJC2741,0,14979921,VJC2741,19'823
 , ,CAAV-F586-SECTION5-B1-155.2,J,155.2, ,370'590,19'823,VJC2741,0,14979948,VJC2741,19'823
 , ,CAAV-F586-SECTION5-B1-155.3,J,155.3, ,370'591,19'823,VJC2741,0,14979975,VJC2741,19'823
 , ,CAAV-F586-SECTION5-B1-156.1,J,156.1, ,370'592,19'823,VJC2741,0,14980004,VJC2741,19'823
 , ,CAAV-F586-SECTION5-B1-156.2,J,156.2, ,370'593,19'823,VJC2741,0,14980033,VJC2741,19'823
 , ,CAAV-F586-SECTION5-B1-156.3,J,156.3, ,370'594,19'823,VJC2741,0,14980062,VJC2741,19'823
 , ,CAAV-F586-SECTION5-B1-157,J,157, ,370'595,19'823,VJC2741,0,14980090,VJC2741,19'823
 , ,CAAV-F586-SECTION5-B1-158,J,158, ,370'596,19'823,VJC2741,0,14980118,VJC2741,19'823
 , ,CAAV-F586-SECTION5-B1-159,J,159, ,370'597,19'823,VJC2741,0,14980145,VJC2741,19'823
 , ,CAAV-F586-SECTION5-B1-160.1,J,160.1, ,370'598,19'823,VJC2741,0,14980174,VJC2741,19'823
 , ,CAAV-F586-SECTION5-B1-160.2,J,160.2, ,370'599,19'823,VJC2741,0,14980202,VJC2741,19'823
 , ,CAAV-F586-SECTION5-B1-161,J,161, ,370'600,19'823,VJC2741,0,14980229,VJC2741,19'823
 , ,CAAV-F586-SECTION5-B1-162,J,162, ,370'601,19'823,VJC2741,0,14980256,VJC2741,19'823
 , ,CAAV-F586-SECTION5-B1-163,J,163, ,370'602,19'823,VJC2741,0,14980289,VJC2741,19'823
 , ,CAAV-F586-SECTION5-B1-164,J,164, ,370'603,19'823,VJC2741,0,14980316,VJC2741,19'823
 , ,CAAV-F586-SECTION5-B1-165.1,J,165.1, ,370'604,19'823,VJC2741,0,14980343,VJC2741,19'823
 , ,CAAV-F586-SECTION5-B1-165.2,J,165.2, ,370'605,19'823,VJC2741,0,14980371,VJC2741,19'823
 , ,CAAV-F586-SECTION5-B1-166.1,J,166.1, ,370'606,19'823,VJC2741,0,14980398,VJC2741,19'823
 , ,CAAV-F586-SECTION5-B1-166.2,J,166.2, ,370'607,19'823,VJC2741,0,14980427,VJC2741,19'823
 , ,CAAV-F586-SECTION5-B1-167.1,J,167.1, ,370'608,19'823,VJC2741,0,14980454,VJC2741,19'823
 , ,CAAV-F586-SECTION5-B1-167.2,J,167.2, ,370'609,19'823,VJC2741,0,14980482,VJC2741,19'823
 , ,CAAV-F586-SECTION5-B1-168,J,168, ,370'610,19'823,VJC2741,0,14980510,VJC2741,19'823
 , ,CAAV-F586-SECTION5-B1-169.1,J,169.1, ,370'611,19'823,VJC2741,0,14980537,VJC2741,19'823
 , ,CAAV-F586-SECTION5-B1-169.2,J,169.2, ,370'612,19'823,VJC2741,0,14980566,VJC2741,19'823
 , ,CAAV-F586-SECTION5-B1-170,J,170, ,370'613,19'823,VJC2741,0,14980594,VJC2741,19'823
 , ,CAAV-F586-SECTION5-B1-171.1,J,171.1, ,370'614,19'823,VJC2741,0,14980621,VJC2741,19'823
 , ,CAAV-F586-SECTION5-B1-171.2,J,171.2, ,370'615,19'823,VJC2741,0,14980648,VJC2741,19'823
 , ,CAAV-F586-SECTION5-B1-172,J,172, ,370'616,19'823,VJC2741,0,14980675,VJC2741,19'823
 , ,CAAV-F586-SECTION5-B1-173,J,173, ,370'617,19'823,VJC2741,0,14980703,VJC2741,19'823
 , ,CAAV-F586-SECTION5-B1-174,J,174, ,370'618,19'823,VJC2741,0,14980730,VJC2741,19'823
 , ,CAAV-F586-SECTION5-B1-175.1,J,175.1, ,370'619,19'823,VJC2741,0,14980757,VJC2741,19'823
 , ,CAAV-F586-SECTION5-B1-175.2,J,175.2, ,370'620,19'823,VJC2741,0,14980785,VJC2741,19'823
 , ,CAAV-F586-SECTION5-B1-175.3,J,175.3, ,370'621,19'823,VJC2741,0,14980812,VJC2741,19'823
 , ,CAAV-F586-SECTION5-B1-176.1,J,176.1, ,370'622,19'823,VJC2741,0,14980839,VJC2741,19'823
 , ,CAAV-F586-SECTION5-B1-176.2,J,176.2, ,370'623,19'823,VJC2741,0,14980866,VJC2741,19'823
 , ,CAAV-F586-SECTION5-B1-176.3,J,176.3, ,370'624,19'823,VJC2741,0,14980893,VJC2741,19'823
 , ,CAAV-F586-SECTION5-B1-177.1,J,177.1, ,370'625,19'823,VJC2741,0,14980920,VJC2741,19'823
 , ,CAAV-F586-SECTION5-B1-177.2,J,177.2, ,370'626,19'823,VJC2741,0,14980947,VJC2741,19'823
 , ,CAAV-F586-SECTION5-B1-178,J,178, ,370'627,19'823,VJC2741,0,14980975,VJC2741,19'823
 , ,CAAV-F586-SECTION5-B1-179,J,179, ,370'628,19'823,VJC2741,0,14981003,VJC2741,19'823
 , ,CAAV-F586-SECTION5-B1-180,J,180, ,370'629,19'823,VJC2741,0,14981030,VJC2741,19'823
 , ,CAAV-F586-SECTION5-B1-181.1,J,181.1, ,370'630,19'823,VJC2741,0,14981058,VJC2741,19'823
 , ,CAAV-F586-SECTION5-B1-181.2,J,181.2, ,370'631,19'823,VJC2741,0,14981085,VJC2741,19'823
 , ,CAAV-F586-SECTION5-B1-181.3,J,181.3, ,370'632,19'823,VJC2741,0,14981112,VJC2741,19'823
 , ,CAAV-F586-SECTION5-B1-181.4,J,181.4, ,370'633,19'823,VJC2741,0,14981139,VJC2741,19'823
 , ,CAAV-F586-SECTION5-B1-182.1,J,182.1, ,370'634,19'823,VJC2741,0,14981166,VJC2741,19'823
 , ,CAAV-F586-SECTION5-B1-182.2,J,182.2, ,370'635,19'823,VJC2741,0,14981194,VJC2741,19'823
 , ,CAAV-F586-SECTION5-B1-183.1,J,183.1, ,370'636,19'823,VJC2741,0,14981221,VJC2741,19'823
 , ,CAAV-F586-SECTION5-B1-183.2,J,183.2, ,370'637,19'823,VJC2741,0,14981248,VJC2741,19'823
 , ,CAAV-F586-SECTION5-B1-184.1,J,184.1, ,370'638,19'823,VJC2741,0,14981275,VJC2741,19'823
 , ,CAAV-F586-SECTION5-B1-184.2,J,184.2, ,370'639,19'823,VJC2741,0,14981303,VJC2741,19'823
 , ,CAAV-F586-SECTION5-B1-185,J,185, ,370'640,19'823,VJC2741,0,14981330,VJC2741,19'823
 , ,CAAV-F586-SECTION5-B1-186,J,186, ,370'641,19'823,VJC2741,0,14981357,VJC2741,19'823
 , ,CAAV-F586-SECTION5-B1-187.1,J,187.1, ,370'642,19'823,VJC2741,0,14981384,VJC2741,19'823
 , ,CAAV-F586-SECTION5-B1-187.2,J,187.2, ,370'643,19'823,VJC2741,0,14981412,VJC2741,19'823
 , ,CAAV-F586-SECTION5-B1-188,J,188, ,370'644,19'823,VJC2741,0,14981439,VJC2741,19'823
 , ,CAAV-F586-SECTION5-B1-189,J,189, ,370'645,19'823,VJC2741,0,14981466,VJC2741,19'823
 , ,CAAV-F586-SECTION5-B1-190,J,190, ,370'646,19'823,VJC2741,0,14981494,VJC2741,19'823
 , ,CAAV-F586-SECTION5-B1-191.1,J,191.1, ,370'647,19'823,VJC2741,0,14981521,VJC2741,19'823
 , ,CAAV-F586-SECTION5-B1-191.2,J,191.2, ,370'648,19'823,VJC2741,0,14981549,VJC2741,19'823
 , ,CAAV-F586-SECTION5-B1-192.1,J,192.1, ,370'649,19'823,VJC2741,0,14981576,VJC2741,19'823
 , ,CAAV-F586-SECTION5-B1-192.2,J,192.2, ,370'650,19'823,VJC2741,0,14981603,VJC2741,19'823
 , ,CAAV-F586-SECTION5-B1-193.1,J,193.1, ,370'651,19'823,VJC2741,0,14981630,VJC2741,19'823
 , ,CAAV-F586-SECTION5-B1-193.2,J,193.2, ,370'652,19'823,VJC2741,0,14981658,VJC2741,19'823
 , ,CAAV-F586-SECTION5-B1-194.1,J,194.1, ,370'653,19'823,VJC2741,0,14981685,VJC2741,19'823
 , ,CAAV-F586-SECTION5-B1-194.2,J,194.2, ,370'654,19'823,VJC2741,0,14981712,VJC2741,19'823
 , ,CAAV-F586-SECTION5-B1-195,J,195, ,370'655,19'823,VJC2741,0,14981739,VJC2741,19'823
 , ,CAAV-F586-SECTION5-B1-196.1,J,196.1, ,370'656,19'823,VJC2741,0,14981766,VJC2741,19'823
 , ,CAAV-F586-SECTION5-B1-196.2,J,196.2, ,370'657,19'823,VJC2741,0,14981794,VJC2741,19'823
 , ,CAAV-F586-SECTION5-B1-197,J,197, ,370'658,19'823,VJC2741,0,14981821,VJC2741,19'823
 , ,CAAV-F586-SECTION5-B1-198.1,J,198.1, ,370'659,19'823,VJC2741,0,14981848,VJC2741,19'823
 , ,CAAV-F586-SECTION5-B1-198.2,J,198.2, ,370'660,19'823,VJC2741,0,14981875,VJC2741,19'823
 , ,CAAV-F586-SECTION5-B1-198.3,J,198.3, ,370'661,19'823,VJC2741,0,14981903,VJC2741,19'823
 , ,CAAV-F586-SECTION5-B1-199,J,199, ,370'662,19'823,VJC2741,0,14981930,VJC2741,19'823
 , ,CAAV-F586-SECTION5-B1-200,J,200, ,370'663,19'823,VJC2741,0,14981957,VJC2741,19'823
 , ,CAAV-F586-SECTION5-B1-201.1,J,201.1, ,370'664,19'823,VJC2741,0,14981985,VJC2741,19'823
 , ,CAAV-F586-SECTION5-B1-201.2,J,201.2, ,370'665,19'823,VJC2741,0,14982013,VJC2741,19'823
 , ,CAAV-F586-SECTION5-B1-202,J,202, ,370'666,19'823,VJC2741,0,14982040,VJC2741,19'823
 , ,CAAV-F586-SECTION5-B1-203,J,203, ,370'667,19'823,VJC2741,0,14982067,VJC2741,19'823
 , ,CAAV-F586-SECTION5-B1-204,J,204, ,370'668,19'823,VJC2741,0,14982094,VJC2741,19'823
 , ,CAAV-F586-SECTION5-B1-205,J,205, ,370'669,19'823,VJC2741,0,14982122,VJC2741,19'823
 , ,CAAV-F586-SECTION5-B1-206.1,J,206.1, ,370'670,19'823,VJC2741,0,14982149,VJC2741,19'823
 , ,CAAV-F586-SECTION5-B1-206.2,J,206.2, ,370'671,19'823,VJC2741,0,14982176,VJC2741,19'823
 , ,CAAV-F586-SECTION5-B1-206.3,J,206.3, ,370'672,19'823,VJC2741,0,14982203,VJC2741,19'823
 , ,CAAV-F586-SECTION5-B1-206.4,J,206.4, ,370'673,19'823,VJC2741,0,14982230,VJC2741,19'823
 , ,CAAV-F586-SECTION5-B1-206.5,J,206.5, ,370'674,19'823,VJC2741,0,14982258,VJC2741,19'823
 , ,CAAV-F586-SECTION5-B1-207.1,J,207.1, ,370'675,19'823,VJC2741,0,14982285,VJC2741,19'823
 , ,CAAV-F586-SECTION5-B1-207.2,J,207.2, ,370'676,19'823,VJC2741,0,14982312,VJC2741,19'823
 , ,CAAV-F586-SECTION5-B1-207.3,J,207.3, ,370'677,19'823,VJC2741,0,14982339,VJC2741,19'823
 , ,CAAV-F586-SECTION5-B1-207.4,J,207.4, ,370'678,19'823,VJC2741,0,14982366,VJC2741,19'823
 , ,CAAV-F586-SECTION5-B1-208.1,J,208.1, ,370'679,19'823,VJC2741,0,14982394,VJC2741,19'823
 , ,CAAV-F586-SECTION5-B1-208.2,J,208.2, ,370'680,19'823,VJC2741,0,14982422,VJC2741,19'823
 , ,CAAV-F586-SECTION5-B1-208.3,J,208.3, ,370'681,19'823,VJC2741,0,14982449,VJC2741,19'823
 , ,CAAV-F586-SECTION5-B1-208.4,J,208.4, ,370'682,19'823,VJC2741,0,14982476,VJC2741,19'823
 , ,CAAV-F586-SECTION5-B1-208.5,J,208.5, ,370'683,19'823,VJC2741,0,14982503,VJC2741,19'823
 , ,CAAV-F586-SECTION5-B1-209.1,J,209.1, ,370'684,19'823,VJC2741,0,14982530,VJC2741,19'823
 , ,CAAV-F586-SECTION5-B1-209.2,J,209.2, ,370'685,19'823,VJC2741,0,14982559,VJC2741,19'823
 , ,CAAV-F586-SECTION5-B1-209.3,J,209.3, ,370'686,19'823,VJC2741,0,14982587,VJC2741,19'823
 , ,CAAV-F586-SECTION5-B1-209.4,J,209.4, ,370'687,19'823,VJC2741,0,14982617,VJC2741,19'823
 , ,CAAV-F586-SECTION5-B1-210,J,210, ,370'688,19'823,VJC2741,0,14982644,VJC2741,19'823
 , ,CAAV-F586-SECTION5-B1-211,J,211, ,370'689,19'823,VJC2741,0,14982671,VJC2741,19'823
 , ,CAAV-F586-SECTION5-B1-212,J,212, ,370'690,19'823,VJC2741,0,14982698,VJC2741,19'823
 , ,CAAV-F586-SECTION5-B1-213,J,213, ,370'691,19'823,VJC2741,0,14982725,VJC2741,19'823
 , ,CAAV-F586-SECTION5-B1-214.1,J,214.1, ,370'692,19'823,VJC2741,0,14982752,VJC2741,19'823
 , ,CAAV-F586-SECTION5-B1-214.2,J,214.2, ,370'693,19'823,VJC2741,0,14982779,VJC2741,19'823
 , ,CAAV-F586-SECTION5-B1-214.3,J,214.3, ,370'694,19'823,VJC2741,0,14982807,VJC2741,19'823
 , ,CAAV-F586-SECTION5-B1-214.4,J,214.4, ,370'695,19'823,VJC2741,0,14982834,VJC2741,19'823
 , ,CAAV-F586-SECTION5-B1-215.1,J,215.1, ,370'696,19'823,VJC2741,0,14982862,VJC2741,19'823
 , ,CAAV-F586-SECTION5-B1-215.2,J,215.2, ,370'697,19'823,VJC2741,0,14982889,VJC2741,19'823
 , ,CAAV-F586-SECTION5-B1-216,J,216, ,370'698,19'823,VJC2741,0,14982916,VJC2741,19'823
 , ,CAAV-F586-SECTION5-B1-217,J,217, ,370'699,19'823,VJC2741,0,14982944,VJC2741,19'823
 , ,CAAV-F586-SECTION5-B1-218,J,218, ,370'700,19'823,VJC2741,0,14982971,VJC2741,19'823
 , ,CAAV-F586-SECTION5-B1-219.1,J,219.1, ,370'701,19'823,VJC2741,0,14983000,VJC2741,19'823
 , ,CAAV-F586-SECTION5-B1-219.2,J,219.2, ,370'702,19'823,VJC2741,0,14983032,VJC2741,19'823
 , ,CAAV-F586-SECTION5-B1-219.3,J,219.3, ,370'703,19'823,VJC2741,0,14983060,VJC2741,19'823
 , ,CAAV-F586-SECTION5-B1-220,J,220, ,370'704,19'823,VJC2741,0,14983087,VJC2741,19'823
 , ,CAAV-F586-SECTION5-B1-221.1,J,221.1, ,370'705,19'823,VJC2741,0,14983114,VJC2741,19'823
 , ,CAAV-F586-SECTION5-B1-221.2,J,221.2, ,370'706,19'823,VJC2741,0,14983142,VJC2741,19'823
 , ,CAAV-F586-SECTION5-B1-221.3,J,221.3, ,370'707,19'823,VJC2741,0,14983169,VJC2741,19'823
 , ,CAAV-F586-SECTION5-B1-222.1,J,222.1, ,370'708,19'823,VJC2741,0,14983197,VJC2741,19'823
 , ,CAAV-F586-SECTION5-B1-222.2,J,222.2, ,370'709,19'823,VJC2741,0,14983224,VJC2741,19'823
 , ,CAAV-F586-SECTION5-B1-222.3,J,222.3, ,370'710,19'823,VJC2741,0,14983251,VJC2741,19'823
 , ,CAAV-F586-SECTION5-B1-223,J,223, ,370'711,19'823,VJC2741,0,14983278,VJC2741,19'823
 , ,CAAV-F586-SECTION5-B1-224.1,J,224.1, ,370'712,19'823,VJC2741,0,14983306,VJC2741,19'823
 , ,CAAV-F586-SECTION5-B1-224.2,J,224.2, ,370'713,19'823,VJC2741,0,14983333,VJC2741,19'823
 , ,CAAV-F586-SECTION5-B1-225,J,225, ,370'714,19'823,VJC2741,0,14983360,VJC2741,19'823
 , ,CAAV-F586-SECTION5-B1-226,J,226, ,370'715,19'823,VJC2741,0,14983388,VJC2741,19'823
 , ,CAAV-F586-SECTION5-B1-227,J,227, ,370'716,19'823,VJC2741,0,14983415,VJC2741,19'823
 , ,CAAV-F586-SECTION5-B1-228,J,228, ,370'717,19'823,VJC2741,0,14983442,VJC2741,19'823
 , ,CAAV-F586-SECTION5-B1-229,J,229, ,370'718,19'823,VJC2741,0,14983469,VJC2741,19'823
 , ,CAAV-F586-SECTION5-B1-230,J,230, ,370'719,19'823,VJC2741,0,14983497,VJC2741,19'823
 , ,CAAV-F586-SECTION5-B1-231,J,231, ,370'720,19'823,VJC2741,0,14983525,VJC2741,19'823
 , ,CAAV-F586-SECTION5-B1-232.1,J,232.1, ,370'721,19'823,VJC2741,0,14983552,VJC2741,19'823
 , ,CAAV-F586-SECTION5-B1-232.2,J,232.2, ,370'722,19'823,VJC2741,0,14983579,VJC2741,19'823
 , ,CAAV-F586-SECTION5-B1-232.3,J,232.3, ,370'723,19'823,VJC2741,0,14983607,VJC2741,19'823
 , ,CAAV-F586-SECTION5-B1-233,J,233, ,370'724,19'823,VJC2741,0,14983635,VJC2741,19'823
 , ,CAAV-F586-SECTION5-B1-234,J,234, ,370'725,19'823,VJC2741,0,14983662,VJC2741,19'823
 , ,CAAV-F586-SECTION5-B1-235.1,J,235.1, ,370'726,19'823,VJC2741,0,14983691,VJC2741,19'823
 , ,CAAV-F586-SECTION5-B1-235.2,J,235.2, ,370'727,19'823,VJC2741,0,14983718,VJC2741,19'823
 , ,CAAV-F586-SECTION5-B1-235.3,J,235.3, ,370'728,19'823,VJC2741,0,14983746,VJC2741,19'823
 , ,CAAV-F586-SECTION5-B1-236,J,236, ,370'729,19'823,VJC2741,0,14983774,VJC2741,19'823
 , ,CAAV-F586-SECTION5-B1-237.1,J,237.1, ,370'730,19'823,VJC2741,0,14983801,VJC2741,19'823
 , ,CAAV-F586-SECTION5-B1-237.2,J,237.2, ,370'731,19'823,VJC2741,0,14983828,VJC2741,19'823
 , ,CAAV-F586-SECTION5-B1-237.3,J,237.3, ,370'732,19'823,VJC2741,0,14983855,VJC2741,19'823
 , ,CAAV-F586-SECTION5-B1-237.4,J,237.4, ,370'733,19'823,VJC2741,0,14983882,VJC2741,19'823
 , ,CAAV-F586-SECTION5-B1-237.5,J,237.5, ,370'734,19'823,VJC2741,0,14983909,VJC2741,19'823
 , ,CAAV-F586-SECTION5-B1-237.6,J,237.6, ,370'735,19'823,VJC2741,0,14983936,VJC2741,19'823
 , ,CAAV-F586-SECTION5-B1-237.7,J,237.7, ,370'736,19'823,VJC2741,0,14983963,VJC2741,19'823
 , ,CAAV-F586-SECTION5-B1-238.1,J,238.1, ,370'737,19'823,VJC2741,0,14983990,VJC2741,19'823
 , ,CAAV-F586-SECTION5-B1-238.2,J,238.2, ,370'738,19'823,VJC2741,0,14984017,VJC2741,19'823
 , ,CAAV-F586-SECTION5-B1-238.3,J,238.3, ,370'739,19'823,VJC2741,0,14984045,VJC2741,19'823
 , ,CAAV-F586-SECTION5-B1-238.4,J,238.4, ,370'740,19'823,VJC2741,0,14984072,VJC2741,19'823
 , ,CAAV-F586-SECTION5-B1-239.1,J,239.1, ,370'741,19'823,VJC2741,0,14984099,VJC2741,19'823
 , ,CAAV-F586-SECTION5-B1-239.2,J,239.2, ,370'742,19'823,VJC2741,0,14984127,VJC2741,19'823
 , ,CAAV-F586-SECTION5-B1-239.3,J,239.3, ,370'743,19'823,VJC2741,0,14984155,VJC2741,19'823
 , ,CAAV-F586-SECTION5-B1-240,J,240, ,370'744,19'823,VJC2741,0,14984182,VJC2741,19'823
 , ,CAAV-F586-SECTION5-B1-241.1,J,241.1, ,370'745,19'823,VJC2741,0,14984209,VJC2741,19'823
 , ,CAAV-F586-SECTION5-B1-241.2,J,241.2, ,370'746,19'823,VJC2741,0,14984237,VJC2741,19'823
 , ,CAAV-F586-SECTION5-B1-242,J,242, ,370'747,19'823,VJC2741,0,14984264,VJC2741,19'823
 , ,CAAV-F586-SECTION5-B1-243,J,243, ,370'748,19'823,VJC2741,0,14984291,VJC2741,19'823
 , ,CAAV-F586-SECTION5-B1-244,J,244, ,370'749,19'823,VJC2741,0,14984319,VJC2741,19'823
 , ,CAAV-F586-SECTION5-B1-245.1,J,245.1, ,370'750,19'823,VJC2741,0,14984346,VJC2741,19'823
 , ,CAAV-F586-SECTION5-B1-245.2,J,245.2, ,370'751,19'823,VJC2741,0,14984374,VJC2741,19'823
 , ,CAAV-F586-SECTION5-B1-246,J,246, ,370'752,19'823,VJC2741,0,14984401,VJC2741,19'823
 , ,CAAV-F586-SECTION5-B1-247,J,247, ,370'753,19'823,VJC2741,0,14984428,VJC2741,19'823
 , ,CAAV-F586-SECTION5-B1-248,J,248, ,370'754,19'823,VJC2741,0,14984456,VJC2741,19'823
 , ,CAAV-F586-SECTION5-B1-249.1,J,249.1, ,370'755,19'823,VJC2741,0,14984483,VJC2741,19'823
 , ,CAAV-F586-SECTION5-B1-249.2,J,249.2, ,370'756,19'823,VJC2741,0,14984517,VJC2741,19'823
 , ,CAAV-F586-SECTION5-B1-249.3,J,249.3, ,370'757,19'823,VJC2741,0,14984544,VJC2741,19'823
 , ,CAAV-F586-SECTION5-B1-250.1,J,250.1, ,370'758,19'823,VJC2741,0,14984572,VJC2741,19'823
 , ,CAAV-F586-SECTION5-B1-250.2,J,250.2, ,370'759,19'823,VJC2741,0,14984599,VJC2741,19'823
 , ,CAAV-F586-SECTION5-B1-251.1,J,251.1, ,370'760,19'823,VJC2741,0,14984626,VJC2741,19'823
 , ,CAAV-F586-SECTION5-B1-251.2,J,251.2, ,370'761,19'823,VJC2741,0,14984653,VJC2741,19'823
 , ,CAAV-F586-SECTION5-B1-251.3,J,251.3, ,370'762,19'823,VJC2741,0,14984680,VJC2741,19'823
 , ,CAAV-F586-SECTION5-B1-252,J,252, ,370'763,19'823,VJC2741,0,14984707,VJC2741,19'823
 , ,CAAV-F586-SECTION5-B1-253,J,253, ,370'764,19'823,VJC2741,0,14984735,VJC2741,19'823
 , ,CAAV-F586-SECTION5-B1-254,J,254, ,370'765,19'823,VJC2741,0,14984762,VJC2741,19'823
 , ,CAAV-F586-SECTION5-B1-255,J,255, ,370'766,19'823,VJC2741,0,14984790,VJC2741,19'823
 , ,CAAV-F586-SECTION5-B1-256,J,256, ,370'767,19'823,VJC2741,0,14984821,VJC2741,19'823
 , ,CAAV-F586-SECTION5-B1-257,J,257, ,370'768,19'823,VJC2741,0,14984849,VJC2741,19'823
 , ,CAAV-F586-SECTION5-B1-258,J,258, ,370'769,19'823,VJC2741,0,14984876,VJC2741,19'823
 , ,CAAV-F586-SECTION5-B1-259,J,259, ,370'770,19'823,VJC2741,0,14984903,VJC2741,19'823
 , ,CAAV-F586-SECTION5-B1-260.1,J,260.1, ,370'771,19'823,VJC2741,0,14984930,VJC2741,19'823
 , ,CAAV-F586-SECTION5-B1-260.2,J,260.2, ,370'772,19'823,VJC2741,0,14984957,VJC2741,19'823
 , ,CAAV-F586-SECTION5-B1-260.3,J,260.3, ,370'773,19'823,VJC2741,0,14984985,VJC2741,19'823
 , ,CAAV-F586-SECTION5-B1-261.1,J,261.1, ,370'774,19'823,VJC2741,0,14985012,VJC2741,19'823
 , ,CAAV-F586-SECTION5-B1-261.2,J,261.2, ,370'775,19'823,VJC2741,0,14985039,VJC2741,19'823
 , ,CAAV-F586-SECTION5-B1-261.3,J,261.3, ,370'776,19'823,VJC2741,0,14985067,VJC2741,19'823
 , ,CAAV-F586-SECTION5-B1-261.4,J,261.4, ,370'777,19'823,VJC2741,0,14985095,VJC2741,19'823
 , ,CAAV-F586-SECTION5-B1-262,J,262, ,370'778,19'823,VJC2741,0,14985122,VJC2741,19'823
 , ,CAAV-F586-SECTION5-B1-263.1,J,263.1, ,370'779,19'823,VJC2741,0,14985149,VJC2741,19'823
 , ,CAAV-F586-SECTION5-B1-263.2,J,263.2, ,370'780,19'823,VJC2741,0,14985176,VJC2741,19'823
 , ,CAAV-F586-SECTION5-B1-263.3,J,263.3, ,370'781,19'823,VJC2741,0,14985204,VJC2741,19'823
 , ,CAAV-F586-SECTION5-B1-264,J,264, ,370'782,19'823,VJC2741,0,14985231,VJC2741,19'823
 , ,CAAV-F586-SECTION5-B1-265.1,J,265.1, ,370'783,19'823,VJC2741,0,14985258,VJC2741,19'823
 , ,CAAV-F586-SECTION5-B1-265.2,J,265.2, ,370'784,19'823,VJC2741,0,14985285,VJC2741,19'823
 , ,CAAV-F586-SECTION5-B1-266.1,J,266.1, ,370'785,19'823,VJC2741,0,14985313,VJC2741,19'823
 , ,CAAV-F586-SECTION5-B1-266.2,J,266.2, ,370'786,19'823,VJC2741,0,14985341,VJC2741,19'823
 , ,CAAV-F586-SECTION5-B1-267.1,J,267.1, ,370'787,19'823,VJC2741,0,14985368,VJC2741,19'823
 , ,CAAV-F586-SECTION5-B1-267.2,J,267.2, ,370'788,19'823,VJC2741,0,14985395,VJC2741,19'823
 , ,CAAV-F586-SECTION5-B1-267.3,J,267.3, ,370'789,19'823,VJC2741,0,14985423,VJC2741,19'823
 , ,CAAV-F586-SECTION5-B1-268.1,J,268.1, ,370'790,19'823,VJC2741,0,14985450,VJC2741,19'823
 , ,CAAV-F586-SECTION5-B1-268.2,J,268.2, ,370'791,19'823,VJC2741,0,14985477,VJC2741,19'823
 , ,CAAV-F586-SECTION5-B1-268.3,J,268.3, ,370'792,19'823,VJC2741,0,14985505,VJC2741,19'823
 , ,CAAV-F586-SECTION5-B1-269,J,269, ,370'793,19'823,VJC2741,0,14985532,VJC2741,19'823
 , ,CAAV-F586-SECTION5-B1-270.1,J,270.1, ,370'794,19'823,VJC2741,0,14985559,VJC2741,19'823
 , ,CAAV-F586-SECTION5-B1-270.2,J,270.2, ,370'795,19'823,VJC2741,0,14985586,VJC2741,19'823
 , ,CAAV-F586-SECTION5-B1-270.3,J,270.3, ,370'796,19'823,VJC2741,0,14985613,VJC2741,19'823
 , ,CAAV-F586-SECTION5-B1-271,J,271, ,370'797,19'823,VJC2741,0,14985641,VJC2741,19'823
 , ,CAAV-F586-SECTION5-B1-272.1,J,272.1, ,370'798,19'823,VJC2741,0,14985669,VJC2741,19'823
 , ,CAAV-F586-SECTION5-B1-272.2,J,272.2, ,370'799,19'823,VJC2741,0,14985696,VJC2741,19'823
 , ,CAAV-F586-SECTION5-B1-273.1,J,273.1, ,370'800,19'823,VJC2741,0,14985723,VJC2741,19'823
 , ,CAAV-F586-SECTION5-B1-273.2,J,273.2, ,370'801,19'823,VJC2741,0,14985750,VJC2741,19'823
 , ,CAAV-F586-SECTION5-B1-274,J,274, ,370'802,19'823,VJC2741,0,14985785,VJC2741,19'823
 , ,CAAV-F586-SECTION5-B1-275,J,275, ,370'803,19'823,VJC2741,0,14985812,VJC2741,19'823
 , ,CAAV-F586-SECTION5-B1-276.1,J,276.1, ,370'804,19'823,VJC2741,0,14985839,VJC2741,19'823
 , ,CAAV-F586-SECTION5-B1-276.2,J,276.2, ,370'805,19'823,VJC2741,0,14985867,VJC2741,19'823
 , ,CAAV-F586-SECTION5-B1-276.3,J,276.3, ,370'806,19'823,VJC2741,0,14985894,VJC2741,19'823
 , ,CAAV-F586-SECTION5-B1-277,J,277, ,370'807,19'823,VJC2741,0,14985921,VJC2741,19'823
 , ,CAAV-F586-SECTION5-B1-278.1,J,278.1, ,370'808,19'823,VJC2741,0,14985949,VJC2741,19'823
 , ,CAAV-F586-SECTION5-B1-278.2,J,278.2, ,370'809,19'823,VJC2741,0,14985976,VJC2741,19'823
 , ,CAAV-F586-SECTION5-B1-369.7,J,369.7, ,370'960,19'823,VJC2741,0,14990139,VJC2741,19'823
 , ,CAAV-F586-SECTION5-B1-370,J,370, ,370'961,19'823,VJC2741,0,14990168,VJC2741,19'823
 , ,CAAV-F586-SECTION5-B1-371.1,J,371.1, ,370'962,19'823,VJC2741,0,14990195,VJC2741,19'823
 , ,CAAV-F586-SECTION5-B1-371.2,J,371.2, ,370'963,19'823,VJC2741,0,14990222,VJC2741,19'823
 , ,CAAV-F586-SECTION5-B1-372.1,J,372.1, ,370'964,19'823,VJC2741,0,14990249,VJC2741,19'823
 , ,CAAV-F586-SECTION5-B1-372.2,J,372.2, ,370'965,19'823,VJC2741,0,14990276,VJC2741,19'823
 , ,CAAV-F586-SECTION5-B1-373,J,373, ,370'966,19'823,VJC2741,0,14990305,VJC2741,19'823
 , ,CAAV-F586-SECTION5-B1-374,J,374, ,370'967,19'823,VJC2741,0,14990332,VJC2741,19'823
 , ,CAAV-F586-SECTION5-B1-375.1,J,375.1, ,370'968,19'823,VJC2741,0,14990359,VJC2741,19'823
 , ,CAAV-F586-SECTION5-B1-375.2,J,375.2, ,370'969,19'823,VJC2741,0,14990386,VJC2741,19'823
 , ,CAAV-F586-SECTION5-B1-376.1,J,376.1, ,370'970,19'823,VJC2741,0,14990414,VJC2741,19'823
 , ,CAAV-F586-SECTION5-B1-376.2,J,376.2, ,370'971,19'823,VJC2741,0,14990441,VJC2741,19'823
 , ,CAAV-F586-SECTION5-B1-376.3,J,376.3, ,370'972,19'823,VJC2741,0,14990468,VJC2741,19'823
 , ,CAAV-F586-SECTION5-B1-376.4,J,376.4, ,370'973,19'823,VJC2741,0,14990495,VJC2741,19'823
 , ,CAAV-F586-SECTION5-B1-377.1,J,377.1, ,370'974,19'823,VJC2741,0,14990523,VJC2741,19'823
 , ,CAAV-F586-SECTION5-B1-377.2,J,377.2, ,370'975,19'823,VJC2741,0,14990550,VJC2741,19'823
 , ,CAAV-F586-SECTION5-B1-378.1,J,378.1, ,370'976,19'823,VJC2741,0,14990578,VJC2741,19'823
 , ,CAAV-F586-SECTION5-B1-378.2,J,378.2, ,370'977,19'823,VJC2741,0,14990606,VJC2741,19'823
 , ,CAAV-F586-SECTION5-B1-379.1,J,379.1, ,370'978,19'823,VJC2741,0,14990635,VJC2741,19'823
 , ,CAAV-F586-SECTION5-B1-379.2,J,379.2, ,370'979,19'823,VJC2741,0,14990662,VJC2741,19'823
 , ,CAAV-F586-SECTION5-B1-379.3,J,379.3, ,370'980,19'823,VJC2741,0,14990689,VJC2741,19'823
 , ,CAAV-F586-SECTION5-B1-379.4,J,379.4, ,370'981,19'823,VJC2741,0,14990716,VJC2741,19'823
 , ,CAAV-F586-SECTION5-B1-379.5,J,379.5, ,370'982,19'823,VJC2741,0,14990745,VJC2741,19'823
 , ,CAAV-F586-SECTION5-B1-380,J,380, ,370'983,19'823,VJC2741,0,14990772,VJC2741,19'823
 , ,CAAV-F586-SECTION5-B1-381,J,381, ,370'984,19'823,VJC2741,0,14990800,VJC2741,19'823
 , ,CAAV-F586-SECTION5-B1-382.1,J,382.1, ,370'985,19'823,VJC2741,0,14990827,VJC2741,19'823
 , ,CAAV-F586-SECTION5-B1-382.2,J,382.2, ,370'986,19'823,VJC2741,0,14990855,VJC2741,19'823
 , ,CAAV-F586-SECTION5-B1-279,J,279, ,370'810,19'823,VJC2741,0,14986004,VJC2741,19'823
 , ,CAAV-F586-SECTION5-B1-280.1,J,280.1, ,370'811,19'823,VJC2741,0,14986033,VJC2741,19'823
 , ,CAAV-F586-SECTION5-B1-280.2,J,280.2, ,370'812,19'823,VJC2741,0,14986060,VJC2741,19'823
 , ,CAAV-F586-SECTION5-B1-281.1,J,281.1, ,370'813,19'823,VJC2741,0,14986089,VJC2741,19'823
 , ,CAAV-F586-SECTION5-B1-281.2,J,281.2, ,370'814,19'823,VJC2741,0,14986117,VJC2741,19'823
 , ,CAAV-F586-SECTION5-B1-282.1,J,282.1, ,370'815,19'823,VJC2741,0,14986145,VJC2741,19'823
 , ,CAAV-F586-SECTION5-B1-282.2,J,282.2, ,370'816,19'823,VJC2741,0,14986172,VJC2741,19'823
 , ,CAAV-F586-SECTION5-B1-283,J,283, ,370'817,19'823,VJC2741,0,14986201,VJC2741,19'823
 , ,CAAV-F586-SECTION5-B1-284,J,284, ,370'818,19'823,VJC2741,0,14986229,VJC2741,19'823
 , ,CAAV-F586-SECTION5-B1-285,J,285, ,370'819,19'823,VJC2741,0,14986256,VJC2741,19'823
 , ,CAAV-F586-SECTION5-B1-286.1,J,286.1, ,370'820,19'823,VJC2741,0,14986283,VJC2741,19'823
 , ,CAAV-F586-SECTION5-B1-286.2,J,286.2, ,370'821,19'823,VJC2741,0,14986310,VJC2741,19'823
 , ,CAAV-F586-SECTION5-B1-287.1,J,287.1, ,370'822,19'823,VJC2741,0,14986337,VJC2741,19'823
 , ,CAAV-F586-SECTION5-B1-287.2,J,287.2, ,370'823,19'823,VJC2741,0,14986365,VJC2741,19'823
 , ,CAAV-F586-SECTION5-B1-287.3,J,287.3, ,370'824,19'823,VJC2741,0,14986393,VJC2741,19'823
 , ,CAAV-F586-SECTION5-B1-287.4,J,287.4, ,370'825,19'823,VJC2741,0,14986421,VJC2741,19'823
 , ,CAAV-F586-SECTION5-B1-288,J,288, ,370'826,19'823,VJC2741,0,14986448,VJC2741,19'823
 , ,CAAV-F586-SECTION5-B1-289.1,J,289.1, ,370'827,19'823,VJC2741,0,14986476,VJC2741,19'823
 , ,CAAV-F586-SECTION5-B1-289.2,J,289.2, ,370'828,19'823,VJC2741,0,14986504,VJC2741,19'823
 , ,CAAV-F586-SECTION5-B1-289.3,J,289.3, ,370'829,19'823,VJC2741,0,14986531,VJC2741,19'823
 , ,CAAV-F586-SECTION5-B1-290,J,290, ,370'830,19'823,VJC2741,0,14986559,VJC2741,19'823
 , ,CAAV-F586-SECTION5-B1-291,J,291, ,370'831,19'823,VJC2741,0,14986586,VJC2741,19'823
 , ,CAAV-F586-SECTION5-B1-292,J,292, ,370'832,19'823,VJC2741,0,14986613,VJC2741,19'823
 , ,CAAV-F586-SECTION5-B1-293,J,293, ,370'833,19'823,VJC2741,0,14986641,VJC2741,19'823
 , ,CAAV-F586-SECTION5-B1-294,J,294, ,370'834,19'823,VJC2741,0,14986668,VJC2741,19'823
 , ,CAAV-F586-SECTION5-B1-295,J,295, ,370'835,19'823,VJC2741,0,14986695,VJC2741,19'823
 , ,CAAV-F586-SECTION5-B1-296,J,296, ,370'836,19'823,VJC2741,0,14986723,VJC2741,19'823
 , ,CAAV-F586-SECTION5-B1-297,J,297, ,370'837,19'823,VJC2741,0,14986750,VJC2741,19'823
 , ,CAAV-F586-SECTION5-B1-298,J,298, ,370'838,19'823,VJC2741,0,14986777,VJC2741,19'823
 , ,CAAV-F586-SECTION5-B1-299.1,J,299.1, ,370'839,19'823,VJC2741,0,14986805,VJC2741,19'823
 , ,CAAV-F586-SECTION5-B1-299.2,J,299.2, ,370'840,19'823,VJC2741,0,14986832,VJC2741,19'823
 , ,CAAV-F586-SECTION5-B1-299.3,J,299.3, ,370'841,19'823,VJC2741,0,14986859,VJC2741,19'823
 , ,CAAV-F586-SECTION5-B1-300.1,J,300.1, ,370'842,19'823,VJC2741,0,14986888,VJC2741,19'823
 , ,CAAV-F586-SECTION5-B1-300.2,J,300.2, ,370'843,19'823,VJC2741,0,14986915,VJC2741,19'823
 , ,CAAV-F586-SECTION5-B1-301.1,J,301.1, ,370'844,19'823,VJC2741,0,14986942,VJC2741,19'823
 , ,CAAV-F586-SECTION5-B1-301.2,J,301.2, ,370'845,19'823,VJC2741,0,14986970,VJC2741,19'823
 , ,CAAV-F586-SECTION5-B1-302.1,J,302.1, ,370'846,19'823,VJC2741,0,14986997,VJC2741,19'823
 , ,CAAV-F586-SECTION5-B1-302.2,J,302.2, ,370'847,19'823,VJC2741,0,14987025,VJC2741,19'823
 , ,CAAV-F586-SECTION5-B1-303.1,J,303.1, ,370'848,19'823,VJC2741,0,14987053,VJC2741,19'823
 , ,CAAV-F586-SECTION5-B1-303.2,J,303.2, ,370'849,19'823,VJC2741,0,14987080,VJC2741,19'823
 , ,CAAV-F586-SECTION5-B1-304.1,J,304.1, ,370'850,19'823,VJC2741,0,14987108,VJC2741,19'823
 , ,CAAV-F586-SECTION5-B1-304.2,J,304.2, ,370'851,19'823,VJC2741,0,14987136,VJC2741,19'823
 , ,CAAV-F586-SECTION5-B1-305.1,J,305.1, ,370'852,19'823,VJC2741,0,14987164,VJC2741,19'823
 , ,CAAV-F586-SECTION5-B1-305.2,J,305.2, ,370'853,19'823,VJC2741,0,14987191,VJC2741,19'823
 , ,CAAV-F586-SECTION5-B1-306,J,306, ,370'854,19'823,VJC2741,0,14987219,VJC2741,19'823
 , ,CAAV-F586-SECTION5-B1-307.1,J,307.1, ,370'855,19'823,VJC2741,0,14987246,VJC2741,19'823
 , ,CAAV-F586-SECTION5-B1-307.2,J,307.2, ,370'856,19'823,VJC2741,0,14987273,VJC2741,19'823
 , ,CAAV-F586-SECTION5-B1-307.3,J,307.3, ,370'857,19'823,VJC2741,0,14987300,VJC2741,19'823
 , ,CAAV-F586-SECTION5-B1-308,J,308, ,370'858,19'823,VJC2741,0,14987328,VJC2741,19'823
 , ,CAAV-F586-SECTION5-B1-309.1,J,309.1, ,370'859,19'823,VJC2741,0,14987355,VJC2741,19'823
 , ,CAAV-F586-SECTION5-B1-309.2,J,309.2, ,370'860,19'823,VJC2741,0,14987382,VJC2741,19'823
 , ,CAAV-F586-SECTION5-B1-310,J,310, ,370'861,19'823,VJC2741,0,14987409,VJC2741,19'823
 , ,CAAV-F586-SECTION5-B1-311,J,311, ,370'862,19'823,VJC2741,0,14987436,VJC2741,19'823
 , ,CAAV-F586-SECTION5-B1-312.1,J,312.1, ,370'863,19'823,VJC2741,0,14987463,VJC2741,19'823
 , ,CAAV-F586-SECTION5-B1-312.2,J,312.2, ,370'864,19'823,VJC2741,0,14987492,VJC2741,19'823
 , ,CAAV-F586-SECTION5-B1-313,J,313, ,370'865,19'823,VJC2741,0,14987519,VJC2741,19'823
 , ,CAAV-F586-SECTION5-B1-314.1,J,314.1, ,370'866,19'823,VJC2741,0,14987546,VJC2741,19'823
 , ,CAAV-F586-SECTION5-B1-314.2,J,314.2, ,370'867,19'823,VJC2741,0,14987574,VJC2741,19'823
 , ,CAAV-F586-SECTION5-B1-314.3,J,314.3, ,370'868,19'823,VJC2741,0,14987601,VJC2741,19'823
 , ,CAAV-F586-SECTION5-B1-315.1,J,315.1, ,370'869,19'823,VJC2741,0,14987631,VJC2741,19'823
 , ,CAAV-F586-SECTION5-B1-315.2,J,315.2, ,370'870,19'823,VJC2741,0,14987658,VJC2741,19'823
 , ,CAAV-F586-SECTION5-B1-315.3,J,315.3, ,370'871,19'823,VJC2741,0,14987686,VJC2741,19'823
 , ,CAAV-F586-SECTION5-B1-316.1,J,316.1, ,370'872,19'823,VJC2741,0,14987713,VJC2741,19'823
 , ,CAAV-F586-SECTION5-B1-316.2,J,316.2, ,370'873,19'823,VJC2741,0,14987740,VJC2741,19'823
 , ,CAAV-F586-SECTION5-B1-317,J,317, ,370'874,19'823,VJC2741,0,14987768,VJC2741,19'823
 , ,CAAV-F586-SECTION5-B1-318.1,J,318.1, ,370'875,19'823,VJC2741,0,14987795,VJC2741,19'823
 , ,CAAV-F586-SECTION5-B1-318.2,J,318.2, ,370'876,19'823,VJC2741,0,14987824,VJC2741,19'823
 , ,CAAV-F586-SECTION5-B1-319,J,319, ,370'877,19'823,VJC2741,0,14987851,VJC2741,19'823
 , ,CAAV-F586-SECTION5-B1-320,J,320, ,370'878,19'823,VJC2741,0,14987878,VJC2741,19'823
 , ,CAAV-F586-SECTION5-B1-321,J,321, ,370'879,19'823,VJC2741,0,14987907,VJC2741,19'823
 , ,CAAV-F586-SECTION5-B1-322,J,322, ,370'880,19'823,VJC2741,0,14987935,VJC2741,19'823
 , ,CAAV-F586-SECTION5-B1-323.1,J,323.1, ,370'881,19'823,VJC2741,0,14987964,VJC2741,19'823
 , ,CAAV-F586-SECTION5-B1-323.2,J,323.2, ,370'882,19'823,VJC2741,0,14987992,VJC2741,19'823
 , ,CAAV-F586-SECTION5-B1-324,J,324, ,370'883,19'823,VJC2741,0,14988019,VJC2741,19'823
 , ,CAAV-F586-SECTION5-B1-325,J,325, ,370'884,19'823,VJC2741,0,14988047,VJC2741,19'823
 , ,CAAV-F586-SECTION5-B1-326,J,326, ,370'885,19'823,VJC2741,0,14988075,VJC2741,19'823
 , ,CAAV-F586-SECTION5-B1-327.1,J,327.1, ,370'886,19'823,VJC2741,0,14988102,VJC2741,19'823
 , ,CAAV-F586-SECTION5-B1-327.2,J,327.2, ,370'887,19'823,VJC2741,0,14988129,VJC2741,19'823
 , ,CAAV-F586-SECTION5-B1-328.1,J,328.1, ,370'888,19'823,VJC2741,0,14988157,VJC2741,19'823
 , ,CAAV-F586-SECTION5-B1-328.2,J,328.2, ,370'889,19'823,VJC2741,0,14988184,VJC2741,19'823
 , ,CAAV-F586-SECTION5-B1-329.1,J,329.1, ,370'890,19'823,VJC2741,0,14988211,VJC2741,19'823
 , ,CAAV-F586-SECTION5-B1-329.2,J,329.2, ,370'891,19'823,VJC2741,0,14988239,VJC2741,19'823
 , ,CAAV-F586-SECTION5-B1-330.1,J,330.1, ,370'892,19'823,VJC2741,0,14988266,VJC2741,19'823
 , ,CAAV-F586-SECTION5-B1-330.2,J,330.2, ,370'893,19'823,VJC2741,0,14988293,VJC2741,19'823
 , ,CAAV-F586-SECTION5-B1-331,J,331, ,370'894,19'823,VJC2741,0,14988320,VJC2741,19'823
 , ,CAAV-F586-SECTION5-B1-332.1,J,332.1, ,370'895,19'823,VJC2741,0,14988347,VJC2741,19'823
 , ,CAAV-F586-SECTION5-B1-332.2,J,332.2, ,370'896,19'823,VJC2741,0,14988374,VJC2741,19'823
 , ,CAAV-F586-SECTION5-B1-332.3,J,332.3, ,370'897,19'823,VJC2741,0,14988402,VJC2741,19'823
 , ,CAAV-F586-SECTION5-B1-333,J,333, ,370'898,19'823,VJC2741,0,14988430,VJC2741,19'823
 , ,CAAV-F586-SECTION5-B1-334.1,J,334.1, ,370'899,19'823,VJC2741,0,14988457,VJC2741,19'823
 , ,CAAV-F586-SECTION5-B1-334.2,J,334.2, ,370'900,19'823,VJC2741,0,14988484,VJC2741,19'823
 , ,CAAV-F586-SECTION5-B1-335.1,J,335.1, ,370'901,19'823,VJC2741,0,14988512,VJC2741,19'823
 , ,CAAV-F586-SECTION5-B1-335.2,J,335.2, ,370'902,19'823,VJC2741,0,14988543,VJC2741,19'823
 , ,CAAV-F586-SECTION5-B1-336.1,J,336.1, ,370'903,19'823,VJC2741,0,14988572,VJC2741,19'823
 , ,CAAV-F586-SECTION5-B1-336.2,J,336.2, ,370'904,19'823,VJC2741,0,14988599,VJC2741,19'823
 , ,CAAV-F586-SECTION5-B1-337,J,337, ,370'905,19'823,VJC2741,0,14988626,VJC2741,19'823
 , ,CAAV-F586-SECTION5-B1-338,J,338, ,370'906,19'823,VJC2741,0,14988655,VJC2741,19'823
 , ,CAAV-F586-SECTION5-B1-339,J,339, ,370'907,19'823,VJC2741,0,14988682,VJC2741,19'823
 , ,CAAV-F586-SECTION5-B1-340,J,340, ,370'908,19'823,VJC2741,0,14988709,VJC2741,19'823
 , ,CAAV-F586-SECTION5-B1-341,J,341, ,370'909,19'823,VJC2741,0,14988736,VJC2741,19'823
 , ,CAAV-F586-SECTION5-B1-342,J,342, ,370'910,19'823,VJC2741,0,14988763,VJC2741,19'823
 , ,CAAV-F586-SECTION5-B1-343,J,343, ,370'911,19'823,VJC2741,0,14988791,VJC2741,19'823
 , ,CAAV-F586-SECTION5-B1-344,J,344, ,370'912,19'823,VJC2741,0,14988818,VJC2741,19'823
 , ,CAAV-F586-SECTION5-B1-345.1,J,345.1, ,370'913,19'823,VJC2741,0,14988845,VJC2741,19'823
 , ,CAAV-F586-SECTION5-B1-345.2,J,345.2, ,370'914,19'823,VJC2741,0,14988872,VJC2741,19'823
 , ,CAAV-F586-SECTION5-B1-345.3,J,345.3, ,370'915,19'823,VJC2741,0,14988899,VJC2741,19'823
 , ,CAAV-F586-SECTION5-B1-346,J,346, ,370'916,19'823,VJC2741,0,14988927,VJC2741,19'823
 , ,CAAV-F586-SECTION5-B1-347,J,347, ,370'917,19'823,VJC2741,0,14988954,VJC2741,19'823
 , ,CAAV-F586-SECTION5-B1-348.1,J,348.1, ,370'918,19'823,VJC2741,0,14988981,VJC2741,19'823
 , ,CAAV-F586-SECTION5-B1-348.2,J,348.2, ,370'919,19'823,VJC2741,0,14989009,VJC2741,19'823
 , ,CAAV-F586-SECTION5-B1-348.3,J,348.3, ,370'920,19'823,VJC2741,0,14989036,VJC2741,19'823
 , ,CAAV-F586-SECTION5-B1-349,J,349, ,370'921,19'823,VJC2741,0,14989063,VJC2741,19'823
 , ,CAAV-F586-SECTION5-B1-350,J,350, ,370'922,19'823,VJC2741,0,14989091,VJC2741,19'823
 , ,CAAV-F586-SECTION5-B1-351,J,351, ,370'923,19'823,VJC2741,0,14989118,VJC2741,19'823
 , ,CAAV-F586-SECTION5-B1-352,J,352, ,370'924,19'823,VJC2741,0,14989145,VJC2741,19'823
 , ,CAAV-F586-SECTION5-B1-353,J,353, ,370'925,19'823,VJC2741,0,14989172,VJC2741,19'823
 , ,CAAV-F586-SECTION5-B1-354,J,354, ,370'926,19'823,VJC2741,0,14989200,VJC2741,19'823
 , ,CAAV-F586-SECTION5-B1-355,J,355, ,370'927,19'823,VJC2741,0,14989228,VJC2741,19'823
 , ,CAAV-F586-SECTION5-B1-356,J,356, ,370'928,19'823,VJC2741,0,14989255,VJC2741,19'823
 , ,CAAV-F586-SECTION5-B1-357.1,J,357.1, ,370'929,19'823,VJC2741,0,14989283,VJC2741,19'823
 , ,CAAV-F586-SECTION5-B1-357.2,J,357.2, ,370'930,19'823,VJC2741,0,14989310,VJC2741,19'823
 , ,CAAV-F586-SECTION5-B1-357.3,J,357.3, ,370'931,19'823,VJC2741,0,14989337,VJC2741,19'823
 , ,CAAV-F586-SECTION5-B1-357.4,J,357.4, ,370'932,19'823,VJC2741,0,14989365,VJC2741,19'823
 , ,CAAV-F586-SECTION5-B1-357.5,J,357.5, ,370'933,19'823,VJC2741,0,14989391,VJC2741,19'823
 , ,CAAV-F586-SECTION5-B1-357.6,J,357.6, ,370'934,19'823,VJC2741,0,14989419,VJC2741,19'823
 , ,CAAV-F586-SECTION5-B1-358,J,358, ,370'935,19'823,VJC2741,0,14989449,VJC2741,19'823
 , ,CAAV-F586-SECTION5-B1-359.1,J,359.1, ,370'936,19'823,VJC2741,0,14989476,VJC2741,19'823
 , ,CAAV-F586-SECTION5-B1-359.2,J,359.2, ,370'937,19'823,VJC2741,0,14989502,VJC2741,19'823
 , ,CAAV-F586-SECTION5-B1-360,J,360, ,370'938,19'823,VJC2741,0,14989530,VJC2741,19'823
 , ,CAAV-F586-SECTION5-B1-361,J,361, ,370'939,19'823,VJC2741,0,14989557,VJC2741,19'823
 , ,CAAV-F586-SECTION5-B1-362.1,J,362.1, ,370'940,19'823,VJC2741,0,14989586,VJC2741,19'823
 , ,CAAV-F586-SECTION5-B1-362.2,J,362.2, ,370'941,19'823,VJC2741,0,14989613,VJC2741,19'823
 , ,CAAV-F586-SECTION5-B1-363.1,J,363.1, ,370'942,19'823,VJC2741,0,14989640,VJC2741,19'823
 , ,CAAV-F586-SECTION5-B1-363.2,J,363.2, ,370'943,19'823,VJC2741,0,14989667,VJC2741,19'823
 , ,CAAV-F586-SECTION5-B1-364,J,364, ,370'944,19'823,VJC2741,0,14989694,VJC2741,19'823
 , ,CAAV-F586-SECTION5-B1-365.1,J,365.1, ,370'945,19'823,VJC2741,0,14989722,VJC2741,19'823
 , ,CAAV-F586-SECTION5-B1-365.2,J,365.2, ,370'946,19'823,VJC2741,0,14989750,VJC2741,19'823
 , ,CAAV-F586-SECTION5-B1-365.3,J,365.3, ,370'947,19'823,VJC2741,0,14989777,VJC2741,19'823
 , ,CAAV-F586-SECTION5-B1-366,J,366, ,370'948,19'823,VJC2741,0,14989805,VJC2741,19'823
 , ,CAAV-F586-SECTION5-B1-367,J,367, ,370'949,19'823,VJC2741,0,14989832,VJC2741,19'823
 , ,CAAV-F586-SECTION5-B1-368.1,J,368.1, ,370'950,19'823,VJC2741,0,14989859,VJC2741,19'823
 , ,CAAV-F586-SECTION5-B1-368.2,J,368.2, ,370'951,19'823,VJC2741,0,14989886,VJC2741,19'823
 , ,CAAV-F586-SECTION5-B1-368.3,J,368.3, ,370'952,19'823,VJC2741,0,14989913,VJC2741,19'823
 , ,CAAV-F586-SECTION5-B1-368.4,J,368.4, ,370'953,19'823,VJC2741,0,14989940,VJC2741,19'823
 , ,CAAV-F586-SECTION5-B1-369.1,J,369.1, ,370'954,19'823,VJC2741,0,14989967,VJC2741,19'823
 , ,CAAV-F586-SECTION5-B1-369.2,J,369.2, ,370'955,19'823,VJC2741,0,14989995,VJC2741,19'823
 , ,CAAV-F586-SECTION5-B1-369.3,J,369.3, ,370'956,19'823,VJC2741,0,14990024,VJC2741,19'823
 , ,CAAV-F586-SECTION5-B1-369.4,J,369.4, ,370'957,19'823,VJC2741,0,14990054,VJC2741,19'823
 , ,CAAV-F586-SECTION5-B1-369.5,J,369.5, ,370'958,19'823,VJC2741,0,14990082,VJC2741,19'823
 , ,CAAV-F586-SECTION5-B1-369.6,J,369.6, ,370'959,19'823,VJC2741,0,14990111,VJC2741,19'823
 , ,CAAV-F586-SECTION5-B1-147.4,J,147.4, ,370'576,19'823,VJC4679,2,28548493,VJC2741,19'823
 , ,CAAV-F586-SECTION5-B1-1,J,001, ,370'302,19'830,VJC4679,0,9051325,VJC2741,19'823
